"direction","partner_name","licensor","licensee","status","start_date","end_type","end_date","territories","distribution_types","platform","royalty_type","royalty_details","payment_terms","notes","website_link","source_key","import_action","review_notes","source_sheet","source_row","document_url","partner_website","partner_contacts","content_titles","content_seasons","reporting_frequency","raw_source_data"
"rights_out","Fire TV/FTVC (Amazon)","TBN","Fire TV/FTVC (Amazon)","active","2024-10-16","","","Global","FAST","Fire TV/FTVC (Amazon)","revenue_share","20% revenue share","","Connected through Xumo
Distribution point: Xumo
Source contract type: Content License Agreement
Source content/feed scope: TBN Digital
Source deal terms: 0.2
Payment Tracking row 2: VOD/FAST: FAST; Platform: Fire TV/FTVC (Amazon); Reports: Email Monthly; Payment Recieved: Monthly; Payment Terms: Net 90; Report Type: Linear","https://www.amazon.com/firetv/?tag=googhydr-20&hvadid=743821782696&hvpos=&hvnetw=g&hvrand=11300524417564898302&hvpone=&hvptwo=&hvqmt=e&hvdev=c&hvdvcmdl=&hvlocint=&hvlocphy=9013121&hvtargid=kwd-295921617290&ref=pd_sl_28ha0z2bkk_e&gad_campaignid=893848959&gbraid=0AAAAADl_c3IXIMGasWfpQO-bQ9LoqJ4fp&gclid=Cj0KCQjw3aLHBhDTARIsAIRij591nGh9NqqnPH67n1O6JfPe51uKLyaaOryLvYKM5-BgA7CCERZxXC4aAnnREALw_wcB","digital-licensing-master:FAST Contracts:2","review","Missing expiration/end-type information","FAST Contracts","2","https://www.dropbox.com/work/Digital%20Platforms%20Team/12.%20Digital%20Licensing%20%26%20Distribution/1.%20Distribution%20Partners/3.%20Active%20Partners/Amazon%20Fire/Contracts/2020-2024?preview=FULLY+EXECUTED_+AMAZON+FIRE_AVOD+Standalone+Content+Addendum_10.16.24.pdf","https://www.amazon.com/firetv/?tag=googhydr-20&hvadid=743821782696&hvpos=&hvnetw=g&hvrand=11300524417564898302&hvpone=&hvptwo=&hvqmt=e&hvdev=c&hvdvcmdl=&hvlocint=&hvlocphy=9013121&hvtargid=kwd-295921617290&ref=pd_sl_28ha0z2bkk_e&gad_campaignid=893848959&gbraid=0AAAAADl_c3IXIMGasWfpQO-bQ9LoqJ4fp&gclid=Cj0KCQjw3aLHBhDTARIsAIRij591nGh9NqqnPH67n1O6JfPe51uKLyaaOryLvYKM5-BgA7CCERZxXC4aAnnREALw_wcB","Corey Owen | coreowe@amazon.com | aecs-video-channel-reporting@amazon.com(for issues with reports)","TBN Digital","","","{""FAST Platform"":""Fire TV/FTVC (Amazon)"",""Contract Status"":""Active"",""FAST Feeds"":""TBN Digital"",""Territory"":""WW"",""Deal Terms ($$)"":""0.2"",""Distribution Point"":""Xumo"",""Contract Type"":""Content License Agreement"",""Contract Date"":""2024-10-16"",""Expiration Date"":"""",""Contract Link"":""Fire TV"",""Primary Contact"":""Corey Owen"",""Email"":""coreowe@amazon.com"",""Additional Email"":"""",""Tech Email"":"""",""Website Link"":""https://www.amazon.com/firetv/?tag=googhydr-20&hvadid=743821782696&hvpos=&hvnetw=g&hvrand=11300524417564898302&hvpone=&hvptwo=&hvqmt=e&hvdev=c&hvdvcmdl=&hvlocint=&hvlocphy=9013121&hvtargid=kwd-295921617290&ref=pd_sl_28ha0z2bkk_e&gad_campaignid=893848959&gbraid=0AAAAADl_c3IXIMGasWfpQO-bQ9LoqJ4fp&gclid=Cj0KCQjw3aLHBhDTARIsAIRij591nGh9NqqnPH67n1O6JfPe51uKLyaaOryLvYKM5-BgA7CCERZxXC4aAnnREALw_wcB"",""Notes"":""Connected through Xumo""}"
"rights_out","Amazon Prime Linear","TBN","Amazon Prime Linear","active","2022-09-23","","","Global","FAST","Amazon Prime Linear","revenue_share","20% revenue share","","Perpetuity / Connected Through XUMO/Connected through Xumo/ Freevee is transitioning into Prime Video. Freevee will be available within Prime. Prime= SVOD FreeVee=AVOD
Distribution point: TBN (Xumo) / WOF (JW)
Source contract type: Content License Agreement
Source content/feed scope: TBN Digital / WOF
Source deal terms: 0.2
Source expiration: Effective unless terminated","https://www.primevideo.com/offers/nonprimehomepage/ref=dv_web_force_root","digital-licensing-master:FAST Contracts:3","review","Expiration language requires review: Effective unless terminated","FAST Contracts","3","https://www.dropbox.com/work/Digital%20Platforms%20Team/12.%20Digital%20Licensing%20%26%20Distribution/1.%20Distribution%20Partners/3.%20Active%20Partners/Amazon%20Freevee/Contracts/2020-2024?preview=EXECUTED+-+FREEVEE+-+US+-+Trinity+Broadcasting+of+Texas%2C+Inc.+-+PVD+Linear+Service+Addendum+-+2022.pdf","https://www.primevideo.com/offers/nonprimehomepage/ref=dv_web_force_root","Kavitha Cherian | cherian@amazon.com | ausyip@amazon.com | guerrone@amazon.com","TBN Digital|WOF","","","{""FAST Platform"":""Amazon Prime Linear"",""Contract Status"":""Active"",""FAST Feeds"":""TBN Digital / WOF"",""Territory"":""WW"",""Deal Terms ($$)"":""0.2"",""Distribution Point"":""TBN (Xumo) / WOF (JW)"",""Contract Type"":""Content License Agreement"",""Contract Date"":""2022-09-23"",""Expiration Date"":""Effective unless terminated"",""Contract Link"":""FreeVee"",""Primary Contact"":""Kavitha Cherian"",""Email"":""cherian@amazon.com"",""Additional Email"":""guerrone@amazon.com"",""Tech Email"":"""",""Website Link"":""https://www.primevideo.com/offers/nonprimehomepage/ref=dv_web_force_root"",""Notes"":""Perpetuity / Connected Through XUMO/Connected through Xumo/ Freevee is transitioning into Prime Video. Freevee will be available within Prime. Prime= SVOD FreeVee=AVOD""}"
"rights_out","TCL/FALCON","TBN","TCL/FALCON","active","2024-05-29","date","2025-05-14","","FAST","TCL/FALCON","revenue_share","20% revenue share","","Auto renews for one year periods unless either party gives 90 days written notice / Connected through XUMO/ updating graphics/ looks like we have VOD assets out to them but confirmed in email we don't
Distribution point: Xumo
Source contract type: Content License Agreement
Source content/feed scope: TBN Digital
Source deal terms: 0.2
Source expiration: 2 year ending 5/14/25
Payment Tracking row 6: VOD/FAST: FAST; Platform: TCL/FALCON; Reports: Email Quarterly; Payment Recieved: Q; Payment Terms: Net 90; Report Type: Linear; Notes: Can withhold payment if less than $500 until next quarter /","https://www.tcl.com/global/en/ffalcon","digital-licensing-master:FAST Contracts:4","review","","FAST Contracts","4","https://www.dropbox.com/work/Digital%20Platforms%20Team/12.%20Digital%20Licensing%20%26%20Distribution/1.%20Distribution%20Partners/3.%20Active%20Partners/TCL/Contracts/2020-2024?preview=ContentDistributionAgreement-TCL_TBN+FULLY+SIGNED.pdf","https://www.tcl.com/global/en/ffalcon","Annie Huang | annie.huang@tcl.com | catherine.m.zhang@tcl.com","TBN Digital","","","{""FAST Platform"":""TCL/FALCON"",""Contract Status"":""Active"",""FAST Feeds"":""TBN Digital"",""Territory"":"""",""Deal Terms ($$)"":""0.2"",""Distribution Point"":""Xumo"",""Contract Type"":""Content License Agreement"",""Contract Date"":""2024-05-29"",""Expiration Date"":""2 year ending 5/14/25"",""Contract Link"":""TCL/FFalcon"",""Primary Contact"":""Annie Huang"",""Email"":""annie.huang@tcl.com"",""Additional Email"":"""",""Tech Email"":"""",""Website Link"":""https://www.tcl.com/global/en/ffalcon"",""Notes"":""Auto renews for one year periods unless either party gives 90 days written notice / Connected through XUMO/ updating graphics/ looks like we have VOD assets out to them but confirmed in email we don't""}"
"rights_out","VIZIO","TBN","VIZIO","active","2021-07-09","date","2023-07-08","United States|United Kingdom|Canada","FAST","VIZIO","revenue_share","20% revenue share","","Auto-renewals for 1 year periods unless either party gives notice of intent not to renew within 30 days / Connected through XUMO
Distribution point: Xumo
Source contract type: Content License Agreement
Source content/feed scope: TBN Digital
Source deal terms: 0.2
Source expiration: 2 year ending 7/8/2023
Payment Tracking row 21: VOD/FAST: VOD/FAST; Platform: VIZIO; Reports: Email Monthly; Payment Recieved: Q; Payment Terms: Net 30; Report Type: Detailed; Drive Thru History: Yes
Email List & Tracking Notes row 30: Company: VIZIO; Email: claire.gonzales@vizio.com; Email 2: nicole.baio@vizio.com; Billing: david.zolot@vizio.com","https://www.vizio.com/en/home","digital-licensing-master:FAST Contracts:5","import","","FAST Contracts","5","https://www.dropbox.com/work/Digital%20Platforms%20Team/12.%20Digital%20Licensing%20%26%20Distribution/1.%20Distribution%20Partners/3.%20Active%20Partners/VIZIO/Contracts/2020-2024?preview=TBN_-_VIZIO_-_Video_Programming_License_Agreement_%28FINAL_EXECUTION_COPY_7-9-2021%29.pdf","https://www.vizio.com/en/home","David Zolot | claire.gonzalez@vizio.com (partner manager) | Nicole.baio@vizio.com | chris.woolsey@vizio.com | claire.gonzales@vizio.com | nicole.baio@vizio.com | david.zolot@vizio.com","TBN Digital","","","{""FAST Platform"":""VIZIO"",""Contract Status"":""Active"",""FAST Feeds"":""TBN Digital"",""Territory"":""US, UK, Canada"",""Deal Terms ($$)"":""0.2"",""Distribution Point"":""Xumo"",""Contract Type"":""Content License Agreement"",""Contract Date"":""2021-07-09"",""Expiration Date"":""2 year ending 7/8/2023"",""Contract Link"":""VIZIO"",""Primary Contact"":""David Zolot"",""Email"":""claire.gonzalez@vizio.com (partner manager)"",""Additional Email"":""chris.woolsey@vizio.com"",""Tech Email"":"""",""Website Link"":""https://www.vizio.com/en/home"",""Notes"":""Auto-renewals for 1 year periods unless either party gives notice of intent not to renew within 30 days / Connected through XUMO""}"
"rights_out","Xumo Play","TBN","Xumo Play","active","2020-04-30","","","United States|United Kingdom|Canada","FAST","Xumo Play","revenue_share","20% revenue share","","50% net ad revenue
Distribution point: Xumo
Source contract type: Content License Agreement
Source content/feed scope: TBN Digital
Source deal terms: 0.2
Payment Tracking row 20: VOD/FAST: VOD/FAST; Platform: Xumo Play; Reports: Email Quarterly; Payment Recieved: Q; Payment Terms: Net 30; Report Type: Detailed; Drive Thru History: Yes
Email List & Tracking Notes row 31: Company: Xumo Play; Email: aalegr224@comcast.com; Billing: contentaccounting@xumo.com; Tracking Notes: Waiting on XUMO to adjust revenue reports; As of Date: 2025-08-28","https://play.xumo.com/live-guide/trinity-broadcasting-network","digital-licensing-master:FAST Contracts:6","review","Missing expiration/end-type information","FAST Contracts","6","https://www.dropbox.com/work/Digital%20Platforms%20Team/12.%20Digital%20Licensing%20%26%20Distribution/1.%20Distribution%20Partners/3.%20Active%20Partners/Xumo/Contracts/2020-2024?preview=2020.08.05_Xumo+-+Trinity+Broadcasting+Network+-+CLA.pdf","https://play.xumo.com/live-guide/trinity-broadcasting-network","Aisha Pinkney | apinkney@xumo.com | channelsupport@xumo.com.      contentaccounting@xumo.com. | bmosteller@xumo.com | kbenigno@xumo.com | aalegr224@comcast.com | contentaccounting@xumo.com","TBN Digital","","","{""FAST Platform"":""Xumo Play"",""Contract Status"":""Active"",""FAST Feeds"":""TBN Digital"",""Territory"":""US, UK, Canada"",""Deal Terms ($$)"":""0.2"",""Distribution Point"":""Xumo"",""Contract Type"":""Content License Agreement"",""Contract Date"":""2020-04-30"",""Expiration Date"":"""",""Contract Link"":""Xumo"",""Primary Contact"":""Aisha Pinkney"",""Email"":""apinkney@xumo.com"",""Additional Email"":""bmosteller@xumo.com"",""Tech Email"":""kbenigno@xumo.com"",""Website Link"":""https://play.xumo.com/live-guide/trinity-broadcasting-network"",""Notes"":""50% net ad revenue""}"
"rights_out","Google Play","TBN","Google Play","active","2026-01-09","","","United States|Canada","FAST","Google Play","revenue_share","20% revenue share","","Distribution point: Xumo
Source contract type: Content License Agreement
Source content/feed scope: TBN Digital
Source deal terms: 0.2","","digital-licensing-master:FAST Contracts:7","review","Missing expiration/end-type information","FAST Contracts","7","https://www.dropbox.com/scl/fi/h4uqbc01cwlupo65da3yy/2026.01.09_Xumo-TBN-AR-CLA.pdf?rlkey=c71cgpx8jfydhuazhqwsf8nqw&st=3akfxyiu&dl=0","","","TBN Digital","","","{""FAST Platform"":""Google Play"",""Contract Status"":""Active"",""FAST Feeds"":""TBN Digital"",""Territory"":""US, Canada"",""Deal Terms ($$)"":""0.2"",""Distribution Point"":""Xumo"",""Contract Type"":""Content License Agreement"",""Contract Date"":""2026-01-09"",""Expiration Date"":"""",""Contract Link"":""Google/Vidaa/Hisense"",""Primary Contact"":"""",""Email"":"""",""Additional Email"":"""",""Tech Email"":"""",""Website Link"":"""",""Notes"":""""}"
"rights_out","MoreTV*","TBN","MoreTV*","draft","","","","","FAST","MoreTV*","","","","_Term possibly ended? removed Hillsong channel, no language of replacing with TBN inspire/ reached out never heard back
Source content/feed scope: TBN COM","https://moretv.dk/","digital-licensing-master:FAST Contracts:8","review","Source status ""Unknown"" was retained as draft; Missing expiration/end-type information","FAST Contracts","8","https://www.dropbox.com/work/Digital%20Platforms%20Team/12.%20Digital%20Licensing%20%26%20Distribution/1.%20Distribution%20Partners/3.%20Active%20Partners/MoreTV/Contracts/2020-2024?preview=2020.10.15+TV+LICENSING+AGREEMENT-+MORETV+v1.0_SENT+9.21.20.pdf","https://moretv.dk/","Henrik Engedal | hen@moretv.dk","TBN COM","","","{""FAST Platform"":""MoreTV*"",""Contract Status"":""Unknown"",""FAST Feeds"":""TBN COM"",""Territory"":"""",""Deal Terms ($$)"":"""",""Distribution Point"":"""",""Contract Type"":"""",""Contract Date"":"""",""Expiration Date"":"""",""Contract Link"":""More TV"",""Primary Contact"":""Henrik Engedal"",""Email"":""hen@moretv.dk"",""Additional Email"":"""",""Tech Email"":"""",""Website Link"":""https://moretv.dk/"",""Notes"":""_Term possibly ended? removed Hillsong channel, no language of replacing with TBN inspire/ reached out never heard back""}"
"rights_out","Miracle Channel*","TBN","Miracle Channel*","active","","","","Canada","FAST","Miracle Channel*","","","","Source content/feed scope: TBN COM","https://www.miraclechannel.ca/","digital-licensing-master:FAST Contracts:9","review","Missing expiration/end-type information","FAST Contracts","9","https://www.dropbox.com/work/Digital%20Platforms%20Team/12.%20Digital%20Licensing%20%26%20Distribution/1.%20Distribution%20Partners/3.%20Active%20Partners/Miracle%20Channel/Contracts?preview=TBN+MCA+Memorandum+of+Understanding.pdf","https://www.miraclechannel.ca/","Chelsea Kleinsasser | chelsea.kleinsasser@mcamediagroup.com | david.craig@mcamediagroup.com","TBN COM","","","{""FAST Platform"":""Miracle Channel*"",""Contract Status"":""Active"",""FAST Feeds"":""TBN COM"",""Territory"":""Canada"",""Deal Terms ($$)"":"""",""Distribution Point"":"""",""Contract Type"":"""",""Contract Date"":"""",""Expiration Date"":"""",""Contract Link"":""Miracle Channel"",""Primary Contact"":"""",""Email"":"""",""Additional Email"":""chelsea.kleinsasser@mcamediagroup.com"",""Tech Email"":""david.craig@mcamediagroup.com"",""Website Link"":""https://www.miraclechannel.ca/"",""Notes"":""""}"
"rights_out","KLOWD TV","TBN","KLOWD TV","active","","date","2026-04-29","Global","FAST","KLOWD TV","","","","Source content/feed scope: TBN COM
Source expiration: 2026-04-29","","digital-licensing-master:FAST Contracts:10","import","","FAST Contracts","10","https://www.dropbox.com/scl/fi/2iawhglxqc2vosb0qwm2l/KlowdTV-TBN-Fully-executed-4.29.26.pdf?rlkey=2owhoz11b2xwfon7ocjo0bp6v&st=3fg8w0im&dl=0","","","TBN COM","","","{""FAST Platform"":""KLOWD TV"",""Contract Status"":""Active"",""FAST Feeds"":""TBN COM"",""Territory"":""WW"",""Deal Terms ($$)"":"""",""Distribution Point"":"""",""Contract Type"":"""",""Contract Date"":"""",""Expiration Date"":""2026-04-29"",""Contract Link"":""Klowd TV"",""Primary Contact"":"""",""Email"":"""",""Additional Email"":"""",""Tech Email"":"""",""Website Link"":"""",""Notes"":""""}"
"rights_out","New Platforms Coming","TBN","New Platforms Coming","draft","","","","","FAST","New Platforms Coming","","","","","","digital-licensing-master:FAST Contracts:11","review","Missing status was retained as draft; Missing expiration/end-type information","FAST Contracts","11","","","","","","","{""FAST Platform"":""New Platforms Coming"",""Contract Status"":"""",""FAST Feeds"":"""",""Territory"":"""",""Deal Terms ($$)"":"""",""Distribution Point"":"""",""Contract Type"":"""",""Contract Date"":"""",""Expiration Date"":"""",""Contract Link"":"""",""Primary Contact"":"""",""Email"":"""",""Additional Email"":"""",""Tech Email"":"""",""Website Link"":"""",""Notes"":""""}"
"rights_out","Roku","TBN","Roku","draft","","","","","FAST","Roku","","","","","","digital-licensing-master:FAST Contracts:12","review","Missing status was retained as draft; Missing expiration/end-type information","FAST Contracts","12","","","","","","","{""FAST Platform"":""Roku"",""Contract Status"":"""",""FAST Feeds"":"""",""Territory"":"""",""Deal Terms ($$)"":"""",""Distribution Point"":"""",""Contract Type"":"""",""Contract Date"":"""",""Expiration Date"":"""",""Contract Link"":"""",""Primary Contact"":"""",""Email"":"""",""Additional Email"":"""",""Tech Email"":"""",""Website Link"":"""",""Notes"":""""}"
"rights_out","Tubi","TBN","Tubi","draft","","","","","FAST","Tubi","","","","Payment Tracking row 16: VOD/FAST: VOD; Platform: Tubi; Reports: Dashboard Monthly; Payment Recieved: Q; Payment Terms: Net 90; Report Type: Detailed; Drive Thru History: Yes; Notes: Can withhold payment if less than $1000
Email List & Tracking Notes row 27: Company: Tubi; Email: aaraujo@tubi.tv","","digital-licensing-master:FAST Contracts:13","review","Missing status was retained as draft; Missing expiration/end-type information","FAST Contracts","13","","","aaraujo@tubi.tv","","","","{""FAST Platform"":""Tubi"",""Contract Status"":"""",""FAST Feeds"":"""",""Territory"":"""",""Deal Terms ($$)"":"""",""Distribution Point"":"""",""Contract Type"":"""",""Contract Date"":"""",""Expiration Date"":"""",""Contract Link"":"""",""Primary Contact"":"""",""Email"":"""",""Additional Email"":"""",""Tech Email"":"""",""Website Link"":"""",""Notes"":""""}"
"rights_out","Platforms Waiting for Updated 8-10 Minutes of Ads (Amagi Playout)","TBN","Platforms Waiting for Updated 8-10 Minutes of Ads (Amagi Playout)","draft","","","","","FAST","Platforms Waiting for Updated 8-10 Minutes of Ads (Amagi Playout)","","","","","","digital-licensing-master:FAST Contracts:15","review","Missing status was retained as draft; Missing expiration/end-type information","FAST Contracts","15","","","","","","","{""FAST Platform"":""Platforms Waiting for Updated 8-10 Minutes of Ads (Amagi Playout)"",""Contract Status"":"""",""FAST Feeds"":"""",""Territory"":"""",""Deal Terms ($$)"":"""",""Distribution Point"":"""",""Contract Type"":"""",""Contract Date"":"""",""Expiration Date"":"""",""Contract Link"":"""",""Primary Contact"":"""",""Email"":"""",""Additional Email"":"""",""Tech Email"":"""",""Website Link"":"""",""Notes"":""""}"
"rights_out","Pluto - updating","TBN","Pluto - updating","draft","","","","","FAST","Pluto - updating","","","","","","digital-licensing-master:FAST Contracts:16","review","Missing status was retained as draft; Missing expiration/end-type information","FAST Contracts","16","","","","","","","{""FAST Platform"":""Pluto - updating"",""Contract Status"":"""",""FAST Feeds"":"""",""Territory"":"""",""Deal Terms ($$)"":"""",""Distribution Point"":"""",""Contract Type"":"""",""Contract Date"":"""",""Expiration Date"":"""",""Contract Link"":"""",""Primary Contact"":"""",""Email"":"""",""Additional Email"":"""",""Tech Email"":"""",""Website Link"":"""",""Notes"":""""}"
"rights_out","Xumo - updating","TBN","Xumo - updating","draft","","","","","FAST","Xumo - updating","","","","","","digital-licensing-master:FAST Contracts:17","review","Missing status was retained as draft; Missing expiration/end-type information","FAST Contracts","17","","","","","","","{""FAST Platform"":""Xumo - updating"",""Contract Status"":"""",""FAST Feeds"":"""",""Territory"":"""",""Deal Terms ($$)"":"""",""Distribution Point"":"""",""Contract Type"":"""",""Contract Date"":"""",""Expiration Date"":"""",""Contract Link"":"""",""Primary Contact"":"""",""Email"":"""",""Additional Email"":"""",""Tech Email"":"""",""Website Link"":"""",""Notes"":""""}"
"rights_out","XUMO wants to add us to Google Freeplay when we get new feed in october.","TBN","XUMO wants to add us to Google Freeplay when we get new feed in october.","draft","","","","","FAST","XUMO wants to add us to Google Freeplay when we get new feed in october.","","","","","","digital-licensing-master:FAST Contracts:18","review","Missing status was retained as draft; Missing expiration/end-type information","FAST Contracts","18","","","","","","","{""FAST Platform"":""XUMO wants to add us to Google Freeplay when we get new feed in october."",""Contract Status"":"""",""FAST Feeds"":"""",""Territory"":"""",""Deal Terms ($$)"":"""",""Distribution Point"":"""",""Contract Type"":"""",""Contract Date"":"""",""Expiration Date"":"""",""Contract Link"":"""",""Primary Contact"":"""",""Email"":"""",""Additional Email"":"""",""Tech Email"":"""",""Website Link"":"""",""Notes"":""""}"
"rights_out","Freecast","TBN","Freecast","terminated","2020-03-25","","","","FAST","Freecast","","","","SENT NOTICE OF TERMINATION ON 2/25/26 Just partnered with Roku / Dish Sling / Foxx Develpment / X-Stream Cloud Gaming Consoledidn't have ad system until Jan of 23, they split the ad server fees with TBN and they are building a dashboard per Tracy's email to K. Tracy also states: ""I am happy to look at TBN selling 50% of the ad inventory. I also have an amendment for the WW territory that I can send once I hear from you on advertising.""
Distribution point: HLS Feed
Source expiration: Effective unless terminated
Payment Tracking row 4: VOD/FAST: FAST; Platform: Freecast; Reports: Email Monthly; Payment Recieved: ?; Payment Terms: Net 30; Report Type: Linear; Notes: Paid on Aug 25th, don't have history of payment to determine payment sch.
Email List & Tracking Notes row 11: Company: Freecast; Email: dane@freecast.com; Email 2: tracy@freecast.com; Billing: accounting@freecast.com","https://freecast.com/","digital-licensing-master:FAST Contracts:20","review","Expiration language requires review: Effective unless terminated","FAST Contracts","20","https://www.dropbox.com/work/Digital%20Platforms%20Team/12.%20Digital%20Licensing%20%26%20Distribution/1.%20Distribution%20Partners/3.%20Active%20Partners/Freecast/Contracts/2020-2024?preview=FreeCast+TBN+8.26.20.pdf","https://freecast.com/","Tracy West | tracy@freecast.com | creyes@freecast.com | Accounting@freecast.com | dane@freecast.com | dane@freecast.com | tracy@freecast.com | accounting@freecast.com","","","","{""FAST Platform"":""Freecast"",""Contract Status"":""Terminated"",""FAST Feeds"":"""",""Territory"":"""",""Deal Terms ($$)"":"""",""Distribution Point"":""HLS Feed"",""Contract Type"":"""",""Contract Date"":""2020-03-25"",""Expiration Date"":""Effective unless terminated"",""Contract Link"":""Freecast"",""Primary Contact"":""Tracy West"",""Email"":""tracy@freecast.com"",""Additional Email"":""Accounting@freecast.com"",""Tech Email"":""dane@freecast.com"",""Website Link"":""https://freecast.com/"",""Notes"":""SENT NOTICE OF TERMINATION ON 2/25/26 Just partnered with Roku / Dish Sling / Foxx Develpment / X-Stream Cloud Gaming Consoledidn't have ad system until Jan of 23, they split the ad server fees with TBN and they are building a dashboard per Tracy's email to K. Tracy also states: \""I am happy to look at TBN selling 50% of the ad inventory. I also have an amendment for the WW territory that I can send once I hear from you on advertising.\""""}"
"rights_out","ABSCBN/iWantTFC/ANC","TBN","ABSCBN/iWantTFC/ANC","active","2024-03-21","","","Global","VOD","ABSCBN/iWantTFC/ANC","revenue_share","50% revenue share","","from email on 5/16/25 they have not aired DTH yet/ supposedly they airing on their linear channel.... now it is just digital.
Source content/feed scope: Insights S1 / America's Hidden History S1&2 / DTH S4,5,6 / Route 60 / Insights to Israel
Source deal terms: 0.5
Source payout schedule: Q
Source expiration: Effective unless terminated
Payment Tracking row 7: VOD/FAST: VOD; Platform: ABSCBN/iWantTFC/ANC; Reports: Email Quarterly; Payment Recieved: Q; Payment Terms: Net 60; Report Type: Detailed; Drive Thru History: Yes; Notes: Shall send report no later than 15 days after Q / Have not launched DTH yet.... Should we email to not launch?
Email List & Tracking Notes row 2: Company: ABSCBN/iWantTFC/ANC; Email: mike_tolentino@abs-cbn.com; Email 2: mark_valdez@abs-cbn.com; Billing: ebpenales@abs-cbn.com (AR for ABS-CBN); Tracking Notes: Myk said he is gettin us a rev report; As of Date: 2025-08-28","https://www.abs-cbn.com/","digital-licensing-master:VOD Contracts:2","review","Expiration language requires review: Effective unless terminated","VOD Contracts","2","https://www.dropbox.com/work/Digital%20Platforms%20Team/12.%20Digital%20Licensing%20%26%20Distribution/1.%20Distribution%20Partners/3.%20Active%20Partners/ABS-CBN/Contracts/2020-2024?preview=2024.3.21+TBN_ABSCBN_LICENSING_AGREEMENT_FULLY+SIGNED.pdf","https://www.abs-cbn.com/","Michael Tolentino | mike_tolentino@abs-cbn.com | Mark_Valdez@abs-cbn.com | ebpenales@abs-cbn.com (AR for ABS-CBN) | mike_tolentino@abs-cbn.com | mark_valdez@abs-cbn.com | ebpenales@abs-cbn.com (AR for ABS-CBN)","Route 60|Insights to Israel","Insights::1|America's Hidden History::1|America's Hidden History::2|DTH::4|DTH::5|DTH::6","","{""Platform"":""ABSCBN/iWantTFC/ANC"",""Agreement Status"":""Active"",""Content"":""Insights S1 / America's Hidden History S1&2 / DTH S4,5,6 / Route 60 / Insights to Israel"",""Territory"":""WW"",""Deal Terms ($$)"":""0.5"",""Payout Sch"":""Q"",""Contract Type"":"""",""Contract Date"":""2024-03-21"",""Expiration Date"":""Effective unless terminated"",""Contract Link"":""ABS-CBN"",""Website Link"":""https://www.abs-cbn.com/"",""Primary Contact"":""Michael Tolentino"",""Email"":""mike_tolentino@abs-cbn.com"",""Additional Email"":""ebpenales@abs-cbn.com (AR for ABS-CBN)"",""Notes"":""from email on 5/16/25 they have not aired DTH yet/ supposedly they airing on their linear channel.... now it is just digital.""}"
"rights_out","Allied Vaughn/Willette Acquisition Corp.","TBN","Allied Vaughn/Willette Acquisition Corp.","active","2022-05-15","","","United States","VOD","Allied Vaughn/Willette Acquisition Corp.","","","","Auto renews for 1 year periods unless either party gives 60 days notice
Source contract type: MOD License Agreement
Source content/feed scope: TD Jakes Crushing(DVD9)/Joel Osteen- You Are Stronger Than You Think(DVD9)/ Route 60(ENG & SPANISH)
Source deal terms: ABS
Source payout schedule: Monthly
Source expiration: Effective unless terminated
Payment Tracking row 8: VOD/FAST: VOD; Platform: Allied Vaughn/Willette Acquisition Corp.; Reports: Email Monthly; Payment Recieved: Q; Payment Terms: Net 60; Report Type: Detailed; Drive Thru History: No
Email List & Tracking Notes row 3: Company: Allied Vaughn/Willette Acquisition Corp.; Email: onboard.support@alliedvaughn.com","https://www.alliedvaughn.com/","digital-licensing-master:VOD Contracts:3","review","Expiration language requires review: Effective unless terminated; Deal terms were preserved in notes and require financial review: ABS","VOD Contracts","3","https://www.dropbox.com/work/Digital%20Platforms%20Team/12.%20Digital%20Licensing%20%26%20Distribution/1.%20Distribution%20Partners/3.%20Active%20Partners/Allied%20Vaughn/Contracts/2020-2024?preview=MOD+Fully+Executed+Agreement.pdf","https://www.alliedvaughn.com/","onboard.support@alliedvaughn.com | chuck.reinhart@alliedvaughn.com | onboard.support@alliedvaughn.com","TD Jakes Crushing(DVD9)|Joel Osteen- You Are Stronger Than You Think(DVD9)|Route 60(ENG & SPANISH)","","monthly","{""Platform"":""Allied Vaughn/Willette Acquisition Corp."",""Agreement Status"":""Active"",""Content"":""TD Jakes Crushing(DVD9)/Joel Osteen- You Are Stronger Than You Think(DVD9)/ Route 60(ENG & SPANISH)"",""Territory"":""US"",""Deal Terms ($$)"":""ABS"",""Payout Sch"":""Monthly"",""Contract Type"":""MOD License Agreement"",""Contract Date"":""2022-05-15"",""Expiration Date"":""Effective unless terminated"",""Contract Link"":""Allied Vaughn"",""Website Link"":""https://www.alliedvaughn.com/"",""Primary Contact"":"""",""Email"":""onboard.support@alliedvaughn.com"",""Additional Email"":"""",""Notes"":""Auto renews for 1 year periods unless either party gives 60 days notice""}"
"rights_out","Amazon Prime Video","TBN","Amazon Prime Video","active","","","","Global","VOD","Amazon Prime Video","","","","Perpetuity unless given 90 day notice / Amazon would not License ""18 Minutes with Jesus""
Source payout schedule: Dashboard
Source expiration: Effective unless terminated
Payment Tracking row 9: VOD/FAST: VOD; Platform: Amazon Prime Video; Reports: Dashboard Monthly; Payment Recieved: Monthly; Payment Terms: Net 90; Report Type: Detailed; Drive Thru History: Yes
Email List & Tracking Notes row 6: Company: Amazon Prime Video; Email: ausyip@amazon.com; Email 2: guerrone@amazon.com","https://www.primevideo.com/offers/nonprimehomepage/ref=dv_web_force_root","digital-licensing-master:VOD Contracts:4","review","Expiration language requires review: Effective unless terminated","VOD Contracts","4","https://videocentral.amazon.com/support/legal/self-publishing-partner-digital-license-agreement","https://www.primevideo.com/offers/nonprimehomepage/ref=dv_web_force_root","guerrone@amazon.com | ausyip@amazon.com | ftvc-editorial@amazon.com/malcedo@amazon.com(marketing) | ausyip@amazon.com | guerrone@amazon.com","","","","{""Platform"":""Amazon Prime Video"",""Agreement Status"":""Active"",""Content"":"""",""Territory"":""WW"",""Deal Terms ($$)"":"""",""Payout Sch"":""Dashboard"",""Contract Type"":"""",""Contract Date"":"""",""Expiration Date"":""Effective unless terminated"",""Contract Link"":""Amazon PVD"",""Website Link"":""https://www.primevideo.com/offers/nonprimehomepage/ref=dv_web_force_root"",""Primary Contact"":"""",""Email"":""guerrone@amazon.com"",""Additional Email"":""ftvc-editorial@amazon.com/malcedo@amazon.com(marketing)"",""Notes"":""Perpetuity unless given 90 day notice / Amazon would not License \""18 Minutes with Jesus\""""}"
"rights_out","CW","TBN","CW","active","","","","United States","VOD","CW","","","","Auto renews for 1 year periods unless either party gives 60 days notice
Source content/feed scope: America's Hidden History / One on One with Kirk Cameron / The Omega Code / One night with the King / Omega Code 2 / Carman: the Champion / Homeschool Awakening
Source deal terms: -
Source payout schedule: Q
Source expiration: Effective unless terminated
Payment Tracking row 10: VOD/FAST: VOD; Platform: CW; Reports: Email Quarterly; Payment Recieved: Q; Payment Terms: Net 60; Report Type: Detailed; Drive Thru History: No; Notes: typically sends Q report 2 months after quarter ends
Email List & Tracking Notes row 9: Company: CW; Email: michelle.david@cwtv.com; Email 2: jason.lee@cwtv.com","https://www.cwtv.com/","digital-licensing-master:VOD Contracts:5","review","Expiration language requires review: Effective unless terminated","VOD Contracts","5","https://www.dropbox.com/work/Digital%20Platforms%20Team/12.%20Digital%20Licensing%20%26%20Distribution/1.%20Distribution%20Partners/3.%20Active%20Partners/CW%20TV/Contracts/2020-2024?preview=Trinity+Broadcasting+-+CW+AVOD+and+FAST+Content+License+Agreement+%283.13.24%29+FULLY+EXECUTED.pdf","https://www.cwtv.com/","Michelle David | Michelle.david@cwtv.com | Cwpartnerships@cwtv.com | jason.lee@cwtv.com | michelle.david@cwtv.com | jason.lee@cwtv.com","America's Hidden History|One on One with Kirk Cameron|The Omega Code|One night with the King|Omega Code 2|Carman: the Champion|Homeschool Awakening","","","{""Platform"":""CW"",""Agreement Status"":""Active"",""Content"":""America's Hidden History / One on One with Kirk Cameron / The Omega Code / One night with the King / Omega Code 2 / Carman: the Champion / Homeschool Awakening"",""Territory"":""US"",""Deal Terms ($$)"":""-"",""Payout Sch"":""Q"",""Contract Type"":"""",""Contract Date"":"""",""Expiration Date"":""Effective unless terminated"",""Contract Link"":""CW"",""Website Link"":""https://www.cwtv.com/"",""Primary Contact"":""Michelle David"",""Email"":""Michelle.david@cwtv.com"",""Additional Email"":""jason.lee@cwtv.com"",""Notes"":""Auto renews for 1 year periods unless either party gives 60 days notice""}"
"rights_out","Hoopla","TBN","Hoopla","active","2024-08-31","","","United States|Canada","VOD","Hoopla","","","","Ends on the date of material delivery; automatic one year renewals; may terminate w/ 60 day notice
Source contract type: Distribution Agreement
Source content/feed scope: DTH S4,5,6/ Inexplicable / Crushing / Your Best Life Now / America's Hidden History / Jesus the Game Changer / Homeschool Awakening / Route 60 / One night with the King/ You are Stronger/Insights to Israel
Source deal terms: -
Source payout schedule: Monthly
Source expiration: Effective unless terminated
Payment Tracking row 11: VOD/FAST: VOD; Platform: Hoopla; Reports: Dashboard Monthly; Payment Recieved: Monthly; Payment Terms: Net 60; Report Type: Detailed; Drive Thru History: Yes; Notes: Can withhold payment if less than $500 /
Email List & Tracking Notes row 12: Company: Hoopla; Email: KTurja@hoopladigital.com; Email 2: catzappa@hoopladigital.com; As of Date: 2025-07-10","https://www.hoopladigital.com/","digital-licensing-master:VOD Contracts:6","review","Expiration language requires review: Effective unless terminated","VOD Contracts","6","https://www.dropbox.com/work/Digital%20Platforms%20Team/12.%20Digital%20Licensing%20%26%20Distribution/1.%20Distribution%20Partners/3.%20Active%20Partners/Hoopla/Contracts/2020-2024?preview=Completed_with_DocuSign_2023-4-24_TBN_hoopla_FULLY+EXECUTED.pdf","https://www.hoopladigital.com/","Kali Turja | kturja@hoopladigital.com | catzappa@hoopladigital.com | KTurja@hoopladigital.com | catzappa@hoopladigital.com","Inexplicable|Crushing|Your Best Life Now|America's Hidden History|Jesus the Game Changer|Homeschool Awakening|Route 60|One night with the King|You are Stronger|Insights to Israel","DTH::4|DTH::5|DTH::6","monthly","{""Platform"":""Hoopla"",""Agreement Status"":""Active"",""Content"":""DTH S4,5,6/ Inexplicable / Crushing / Your Best Life Now / America's Hidden History / Jesus the Game Changer / Homeschool Awakening / Route 60 / One night with the King/ You are Stronger/Insights to Israel"",""Territory"":""US / CA"",""Deal Terms ($$)"":""-"",""Payout Sch"":""Monthly"",""Contract Type"":""Distribution Agreement"",""Contract Date"":""2024-08-31"",""Expiration Date"":""Effective unless terminated"",""Contract Link"":""Hoopla"",""Website Link"":""https://www.hoopladigital.com/"",""Primary Contact"":""Kali Turja"",""Email"":""kturja@hoopladigital.com"",""Additional Email"":"""",""Notes"":""Ends on the date of material delivery; automatic one year renewals; may terminate w/ 60 day notice""}"
"rights_out","IZZY","TBN","IZZY","active","2022-09-15","","","","VOD","IZZY","revenue_share","20% revenue share","","Quartley Payments
Source contract type: Licensing Agreement
Source content/feed scope: Insights/ The Abraham Accords
Source deal terms: 0.2
Source payout schedule: Q
Source expiration: Effective unless terminated
Payment Tracking row 12: VOD/FAST: VOD; Platform: IZZY; Reports: Email Quarterly; Payment Recieved: Q; Payment Terms: Net 45; Report Type: Detailed; Drive Thru History: Yes
Email List & Tracking Notes row 13: Company: IZZY; Email: Chaya@israelmedia.group","https://izzy.streamisrael.tv/","digital-licensing-master:VOD Contracts:7","review","Expiration language requires review: Effective unless terminated; Unmapped territories: IL","VOD Contracts","7","https://www.dropbox.com/work/Digital%20Platforms%20Team/12.%20Digital%20Licensing%20%26%20Distribution/1.%20Distribution%20Partners/3.%20Active%20Partners/IZZY/Contracts/2020-2024?preview=TBN_STREAM+ISRAEL_LICENSING+AGREEMENT_09.9.22_FULLY+SIGNED+%281%29.pdf","https://izzy.streamisrael.tv/","Chaya Savoia Haim | Chaya@israelmedia.group | Chaya@israelmedia.group","Insights|The Abraham Accords","","","{""Platform"":""IZZY"",""Agreement Status"":""Active"",""Content"":""Insights/ The Abraham Accords"",""Territory"":""IL"",""Deal Terms ($$)"":""0.2"",""Payout Sch"":""Q"",""Contract Type"":""Licensing Agreement"",""Contract Date"":""2022-09-15"",""Expiration Date"":""Effective unless terminated"",""Contract Link"":""IZZY"",""Website Link"":""https://izzy.streamisrael.tv/"",""Primary Contact"":""Chaya Savoia Haim"",""Email"":""Chaya@israelmedia.group"",""Additional Email"":"""",""Notes"":""Quartley Payments""}"
"rights_out","Premiere Digital Services","TBN","Premiere Digital Services","active","2023-05-26","","","","VOD","Premiere Digital Services","revenue_share","15% revenue share","","Any Platform other than Itunes, Google Play, Amazon, and Microsoft Xbox require a ""Pitch"" Pitch Fee=$150 per film or per TV Season / Delivery Rates: Film First platform=$800 Additional Platform $175 Episodic First Platform (0-30) = $225 (31-60) $350 Addidtional Platform: $100 / Pitch Fees: $150 per title or TV Season, per platform
Source contract type: Master Service Agreement
Source content/feed scope: See Premiere Dashboard
Source deal terms: 0.15
Source payout schedule: Dashboard
Source expiration: Effective unless terminated
Payment Tracking row 13: VOD/FAST: VOD; Platform: Premiere Digital Services; Reports: Dashboard Monthly; Payment Recieved: Monthly; Payment Terms: Net 30; Report Type: Detailed; Drive Thru History: Yes
Email List & Tracking Notes row 17: Company: Premiere Digital Services; Email: natalie@premierdigital.com; Email 2: victor.bretado@premieredigital.com; Billing: invoicing@premieredigital.net; Tracking Notes: Waiting on post to be done with assets/ refer to Master Catalog for progress status","https://www.premieredigital.com/","digital-licensing-master:VOD Contracts:8","review","Expiration language requires review: Effective unless terminated; Unmapped territories: WW?","VOD Contracts","8","https://www.dropbox.com/work/Digital%20Platforms%20Team/12.%20Digital%20Licensing%20%26%20Distribution/1.%20Distribution%20Partners/3.%20Active%20Partners/Premiere%20Digital/Contracts/2020-2024?preview=MSA+TBN+%2B+Premiere+Digital+-+5.26.23+CLEAN+V3+FULLY+SIGNED+%281%29+-+signed.pdf","https://www.premieredigital.com/","Chandler Greer | Chandler.Greer@premieredigital.com | Teamwhite@premieredigital.com | natalie@premierdigital.com | victor.bretado@premieredigital.com | invoicing@premieredigital.net","See Premiere Dashboard","","","{""Platform"":""Premiere Digital Services"",""Agreement Status"":""Active"",""Content"":""See Premiere Dashboard"",""Territory"":""WW?"",""Deal Terms ($$)"":""0.15"",""Payout Sch"":""Dashboard"",""Contract Type"":""Master Service Agreement"",""Contract Date"":""2023-05-26"",""Expiration Date"":""Effective unless terminated"",""Contract Link"":""Premiere Digital"",""Website Link"":""https://www.premieredigital.com/"",""Primary Contact"":""Chandler Greer"",""Email"":""Chandler.Greer@premieredigital.com"",""Additional Email"":"""",""Notes"":""Any Platform other than Itunes, Google Play, Amazon, and Microsoft Xbox require a \""Pitch\"" Pitch Fee=$150 per film or per TV Season / Delivery Rates: Film First platform=$800 Additional Platform $175 Episodic First Platform (0-30) = $225 (31-60) $350 Addidtional Platform: $100 / Pitch Fees: $150 per title or TV Season, per platform""}"
"rights_out","Tubi","TBN","Tubi","active","","","","United States|Canada|Mexico|United Kingdom|Australia|New Zealand","VOD","Tubi","","","","_
Source content/feed scope: One on One with Kirk Cameron / Smoketown / In the Gap / This month in Christian History / DTH S4,5,6 / Crushing / Megiddo / Omega Code / Inexplicable / America's Hidden History / Jesus the Game Changer / One Night With the King / Una Noche Con El Rey / You Are Stronger Than You Think / Your Best Life Now / The Revolutionary / Carman : The Champion / The Cross : Arthur Blessit
Source deal terms: -
Source payout schedule: Dashboard","https://tubitv.com/live","digital-licensing-master:VOD Contracts:9","review","Missing expiration/end-type information; Unmapped territories: Certain Latin American Countries","VOD Contracts","9","https://www.dropbox.com/work/Digital%20Platforms%20Team/12.%20Digital%20Licensing%20%26%20Distribution/1.%20Distribution%20Partners/3.%20Active%20Partners/TUBI/Contracts/2020-2024?preview=Tubi_TBN_License+Agreement+%28jbc+sig%29+%281%29.pdf","https://tubitv.com/live","Andreia Araujo | aaraujo@tubi.tv","One on One with Kirk Cameron|Smoketown|In the Gap|This month in Christian History|Crushing|Megiddo|Omega Code|Inexplicable|America's Hidden History|Jesus the Game Changer|One Night With the King|Una Noche Con El Rey|You Are Stronger Than You Think|Your Best Life Now|The Revolutionary|Carman : The Champion|The Cross : Arthur Blessit","DTH::4|DTH::5|DTH::6","","{""Platform"":""Tubi"",""Agreement Status"":""Active"",""Content"":""One on One with Kirk Cameron / Smoketown / In the Gap / This month in Christian History / DTH S4,5,6 / Crushing / Megiddo / Omega Code / Inexplicable / America's Hidden History / Jesus the Game Changer / One Night With the King / Una Noche Con El Rey / You Are Stronger Than You Think / Your Best Life Now / The Revolutionary / Carman : The Champion / The Cross : Arthur Blessit"",""Territory"":""US / CA / MX / UK / Australia / New Zealand / Certain Latin American Countries"",""Deal Terms ($$)"":""-"",""Payout Sch"":""Dashboard"",""Contract Type"":"""",""Contract Date"":"""",""Expiration Date"":"""",""Contract Link"":""TUBI"",""Website Link"":""https://tubitv.com/live"",""Primary Contact"":""Andreia Araujo"",""Email"":""aaraujo@tubi.tv"",""Additional Email"":"""",""Notes"":""_""}"
"rights_out","VIZIO","TBN","VIZIO","active","2021-07-09","date","2029-09-30","United States|Canada","VOD","VIZIO","revenue_share","50% revenue share","","Auto renews for one year periods unless either party gives 30 days written notice / Connected through XUMO
Source contract type: Content License Agreement
Source content/feed scope: DTH S4,S5,S6,S7 / Juneteenth
Source deal terms: 0.5
Source payout schedule: Q
Source expiration: 2029-09-30","https://www.vizio.com/en/home","digital-licensing-master:VOD Contracts:10","import","","VOD Contracts","10","https://www.dropbox.com/scl/fi/6zxpbcgkoz9tkirdsao22/First-Amendment-to-VIZIO-Fully-Executed-2025.pdf?rlkey=idmpmm2kebnxhuefm2x2q8r4a&st=3f7k7kha&dl=0","https://www.vizio.com/en/home","David Zolot | david.zolot@vizio.com | nicole.baio@vizio.com | chris.woolsey@vizio.com","Juneteenth","DTH::4","","{""Platform"":""VIZIO"",""Agreement Status"":""Active"",""Content"":""DTH S4,S5,S6,S7 / Juneteenth"",""Territory"":""US / CA"",""Deal Terms ($$)"":""0.5"",""Payout Sch"":""Q"",""Contract Type"":""Content License Agreement"",""Contract Date"":""2021-07-09"",""Expiration Date"":""2029-09-30"",""Contract Link"":""VIZIO"",""Website Link"":""https://www.vizio.com/en/home"",""Primary Contact"":""David Zolot"",""Email"":""david.zolot@vizio.com"",""Additional Email"":""chris.woolsey@vizio.com"",""Notes"":""Auto renews for one year periods unless either party gives 30 days written notice / Connected through XUMO""}"
"rights_out","Xumo Play","TBN","Xumo Play","active","2020-04-30","","","United States|Canada","VOD","Xumo Play","revenue_share","50% revenue share","","Auto renews for 1 year periods / 50% net ad revenue/sends reports 45 days after quarter
Source contract type: Content License Agreement
Source content/feed scope: 18 min with Jesus / The Daniel Dilemma/ God's Appointed Times / Max Lucado: Traveling Light / Smoketown / One on One with Kirk Cameron / Abraham Accords / Insights / This month in Christian History / Homeschool Awakening / The Cross / One Night with the King / The Omega Code / Megiddo The Omega Code 2 / Carman The Champion / In the Gap with / The Crushing / Joel Osteen Your Best Life Now / Joel Osteen You Are Stronger Than You Think / Inexplicable / DTH S4,S5,S6 / American Hidden History S1 S2 / Jesus the Game Changer S1, S2, S3 / Insights to Israel
Source deal terms: 0.5
Source payout schedule: Q / Invoice off reports
Source expiration: Effective unless terminated","https://play.xumo.com/live-guide/trinity-broadcasting-network","digital-licensing-master:VOD Contracts:11","review","Expiration language requires review: Effective unless terminated","VOD Contracts","11","https://www.dropbox.com/work/Digital%20Platforms%20Team/12.%20Digital%20Licensing%20%26%20Distribution/1.%20Distribution%20Partners/3.%20Active%20Partners/Xumo/Contracts/2020-2024?preview=2020.08.05_Xumo+-+Trinity+Broadcasting+Network+-+CLA.pdf","https://play.xumo.com/live-guide/trinity-broadcasting-network","apinkney@xumo.com | contentaccounting@xumo.com | kbenigno@xumo.com","18 min with Jesus|The Daniel Dilemma|God's Appointed Times|Max Lucado: Traveling Light|Smoketown|One on One with Kirk Cameron|Abraham Accords|Insights|This month in Christian History|Homeschool Awakening|The Cross|One Night with the King|The Omega Code|Megiddo The Omega Code 2|Carman The Champion|In the Gap with|The Crushing|Joel Osteen Your Best Life Now|Joel Osteen You Are Stronger Than You Think|Inexplicable|Insights to Israel","DTH::4|American Hidden History::1|Jesus the Game Changer::1","","{""Platform"":""Xumo Play"",""Agreement Status"":""Active"",""Content"":""18 min with Jesus / The Daniel Dilemma/ God's Appointed Times / Max Lucado: Traveling Light / Smoketown / One on One with Kirk Cameron / Abraham Accords / Insights / This month in Christian History / Homeschool Awakening / The Cross / One Night with the King / The Omega Code / Megiddo The Omega Code 2 / Carman The Champion / In the Gap with / The Crushing / Joel Osteen Your Best Life Now / Joel Osteen You Are Stronger Than You Think / Inexplicable / DTH S4,S5,S6 / American Hidden History S1 S2 / Jesus the Game Changer S1, S2, S3 / Insights to Israel"",""Territory"":""US / CA"",""Deal Terms ($$)"":""0.5"",""Payout Sch"":""Q / Invoice off reports"",""Contract Type"":""Content License Agreement"",""Contract Date"":""2020-04-30"",""Expiration Date"":""Effective unless terminated"",""Contract Link"":""Xumo"",""Website Link"":""https://play.xumo.com/live-guide/trinity-broadcasting-network"",""Primary Contact"":"""",""Email"":""apinkney@xumo.com"",""Additional Email"":""kbenigno@xumo.com"",""Notes"":""Auto renews for 1 year periods / 50% net ad revenue/sends reports 45 days after quarter""}"
"","","","","","","","","","","","","","","","","digital-licensing-master:VOD Contracts:12","skip","Blank or repeated workbook header row","VOD Contracts","12","","","","","","","{""Platform"":"""",""Agreement Status"":"""",""Content"":"""",""Territory"":"""",""Deal Terms ($$)"":"""",""Payout Sch"":"""",""Contract Type"":"""",""Contract Date"":"""",""Expiration Date"":"""",""Contract Link"":"""",""Website Link"":"""",""Primary Contact"":"""",""Email"":"""",""Additional Email"":"""",""Notes"":""_""}"
"","","","","","","","","","","","","","","","","digital-licensing-master:VOD Contracts:13","skip","Blank or repeated workbook header row","VOD Contracts","13","","","","","","","{""Platform"":""ONE TIME PAYOUTS"",""Agreement Status"":""Agreement Status"",""Content"":""Content"",""Territory"":""Territory"",""Deal Terms ($$)"":""Deal Terms ($$)"",""Payout Sch"":""Payout Sch"",""Contract Type"":""Contract Type"",""Contract Date"":""Contract Date"",""Expiration Date"":""Expiration Date"",""Contract Link"":""Contract Link"",""Website Link"":"""",""Primary Contact"":""Primary Contact"",""Email"":""Email"",""Additional Email"":""Additional Email"",""Notes"":""Notes""}"
"rights_out","ACCTV/Watchgood","TBN","ACCTV/Watchgood","active","2023-01-15","date","2027-03-31","Australia","VOD","ACCTV/Watchgood","","","","No Renewal Language
Source contract type: Distribution Agreement
Source content/feed scope: Homeschool awakening expires July 31st 2026 / Centuries Collide Expires March 31st 2027
Source deal terms: One Time Payout
Source payout schedule: Paid
Source expiration: 2027-03-31","https://watchgood.com/","digital-licensing-master:VOD Contracts:14","import","Deal terms were preserved in notes and require financial review: One Time Payout","VOD Contracts","14","https://www.dropbox.com/home/Digital%20Platforms%20Team/12.%20Digital%20Licensing%20%26%20Distribution/Distribution%20Partners/3.%20Active%20Partners/ACCTV/Contracts/2020-2024","https://watchgood.com/","craig@acctv.com.au","Homeschool awakening expires July 31st 2026|Centuries Collide Expires March 31st 2027","","","{""Platform"":""ACCTV/Watchgood"",""Agreement Status"":""Active"",""Content"":""Homeschool awakening expires July 31st 2026 / Centuries Collide Expires March 31st 2027"",""Territory"":""Australia"",""Deal Terms ($$)"":""One Time Payout"",""Payout Sch"":""Paid"",""Contract Type"":""Distribution Agreement"",""Contract Date"":""2023-01-15"",""Expiration Date"":""2027-03-31"",""Contract Link"":""ACCTV"",""Website Link"":""https://watchgood.com/"",""Primary Contact"":"""",""Email"":""craig@acctv.com.au"",""Additional Email"":"""",""Notes"":""No Renewal Language""}"
"rights_out","GoodTV","TBN","GoodTV","draft","2024-01-01","date","2026-12-31","","VOD","GoodTV","","","","Notify 60 days prior to end of term to initiate renewal discussion/ one time payment
Source contract type: Licensing Agreement
Source content/feed scope: DTH S4,5,6 / Unwrapping the Unexpected with Max Lucado / Christmas with MWS / Mark Lowry's Mary Did You Know/ Pete and Penelope/ Centuries Collide /AVOD & SVOD= DTH S4,5)
Source deal terms: One Time Payout
Source expiration: 3 year ending 12/31/2026","https://www.goodtv.tv/","digital-licensing-master:VOD Contracts:15","review","Source status ""Pending"" was retained as draft; Unmapped territories: Taiwan, Philippines; Deal terms were preserved in notes and require financial review: One Time Payout","VOD Contracts","15","https://www.dropbox.com/home/Digital%20Platforms%20Team/12.%20Digital%20Licensing%20%26%20Distribution/Distribution%20Partners/3.%20Active%20Partners/GoodTV/Contracts/2020-2024","https://www.goodtv.tv/","Corin Tung | corin-tung@goodtv.tv","Unwrapping the Unexpected with Max Lucado|Christmas with MWS|Mark Lowry's Mary Did You Know|Pete and Penelope|Centuries Collide","DTH::4|DTH::5|DTH::6|AVOD & SVOD= DTH::4|AVOD & SVOD= DTH::5","","{""Platform"":""GoodTV"",""Agreement Status"":""Pending"",""Content"":""DTH S4,5,6 / Unwrapping the Unexpected with Max Lucado / Christmas with MWS / Mark Lowry's Mary Did You Know/ Pete and Penelope/ Centuries Collide /AVOD & SVOD= DTH S4,5)"",""Territory"":""Taiwan / Philippines"",""Deal Terms ($$)"":""One Time Payout"",""Payout Sch"":"""",""Contract Type"":""Licensing Agreement"",""Contract Date"":""2024-01-01"",""Expiration Date"":""3 year ending 12/31/2026"",""Contract Link"":""Good TV"",""Website Link"":""https://www.goodtv.tv/"",""Primary Contact"":""Corin Tung"",""Email"":""corin-tung@goodtv.tv"",""Additional Email"":"""",""Notes"":""Notify 60 days prior to end of term to initiate renewal discussion/ one time payment""}"
"rights_out","Right Now Media","TBN","Right Now Media","active","2024-07-01","date","2028-09-30","United States|Canada","VOD","Right Now Media","","","","Parties have to communicate to renew terms
Source contract type: Licensing Agreement
Source content/feed scope: God's Appointed Times
Source deal terms: One Time Payout
Source expiration: 2028-09-30
Email List & Tracking Notes row 20: Company: Right Now Media; Email: tiffanie@rightnowmedia.org","https://www.rightnowmedia.org/","digital-licensing-master:VOD Contracts:16","import","Deal terms were preserved in notes and require financial review: One Time Payout","VOD Contracts","16","https://www.dropbox.com/home/Digital%20Platforms%20Team/12.%20Digital%20Licensing%20%26%20Distribution/Distribution%20Partners/3.%20Active%20Partners/Right%20Now%20Media/Contracts/2020-2024","https://www.rightnowmedia.org/","tiffanie@rightnowmedia.org | tiffanie@rightnowmedia.org","God's Appointed Times","","","{""Platform"":""Right Now Media"",""Agreement Status"":""Active"",""Content"":""God's Appointed Times"",""Territory"":""US / CA"",""Deal Terms ($$)"":""One Time Payout"",""Payout Sch"":"""",""Contract Type"":""Licensing Agreement"",""Contract Date"":""2024-07-01"",""Expiration Date"":""2028-09-30"",""Contract Link"":""Right Now Media"",""Website Link"":""https://www.rightnowmedia.org/"",""Primary Contact"":"""",""Email"":""tiffanie@rightnowmedia.org"",""Additional Email"":"""",""Notes"":""Parties have to communicate to renew terms""}"
"","","","","","","","","","","","","","","","","digital-licensing-master:VOD Contracts:17","skip","Blank or repeated workbook header row","VOD Contracts","17","","","","","","","{""Platform"":"""",""Agreement Status"":"""",""Content"":"""",""Territory"":"""",""Deal Terms ($$)"":"""",""Payout Sch"":"""",""Contract Type"":"""",""Contract Date"":"""",""Expiration Date"":"""",""Contract Link"":"""",""Website Link"":"""",""Primary Contact"":"""",""Email"":"""",""Additional Email"":"""",""Notes"":""_""}"
"","","","","","","","","","","","","","","","","digital-licensing-master:VOD Contracts:18","skip","Blank or repeated workbook header row","VOD Contracts","18","","","","","","","{""Platform"":""WIP"",""Agreement Status"":""Agreement Status"",""Content"":""Content"",""Territory"":"""",""Deal Terms ($$)"":""Deal Terms ($$)"",""Payout Sch"":""Payout Sch"",""Contract Type"":""Contract Type"",""Contract Date"":""Contract Date"",""Expiration Date"":""Expiration Date"",""Contract Link"":""Contract Link"",""Website Link"":"""",""Primary Contact"":""Primary Contact"",""Email"":""Email"",""Additional Email"":""Additional Email"",""Notes"":""Notes""}"
"rights_out","Freebie TV","TBN","Freebie TV","draft","","","","","VOD","Freebie TV","","","","","","digital-licensing-master:VOD Contracts:19","review","Source status ""Unknown"" was retained as draft; Missing expiration/end-type information","VOD Contracts","19","","","Daniel Kornblit | dkornblit@freebie.tv","","","","{""Platform"":""Freebie TV"",""Agreement Status"":""Unknown"",""Content"":"""",""Territory"":"""",""Deal Terms ($$)"":"""",""Payout Sch"":"""",""Contract Type"":"""",""Contract Date"":"""",""Expiration Date"":"""",""Contract Link"":"""",""Website Link"":"""",""Primary Contact"":""Daniel Kornblit"",""Email"":""dkornblit@freebie.tv"",""Additional Email"":"""",""Notes"":""""}"
"rights_out","Stingray","TBN","Stingray","draft","","","","","VOD","Stingray","","","","_
Source contract type: Distribution Agreement","","digital-licensing-master:VOD Contracts:20","review","Missing status was retained as draft; Missing expiration/end-type information","VOD Contracts","20","","","Maria Garcete | mgarcete@stingray.com","","","","{""Platform"":""Stingray"",""Agreement Status"":"""",""Content"":"""",""Territory"":"""",""Deal Terms ($$)"":"""",""Payout Sch"":"""",""Contract Type"":""Distribution Agreement"",""Contract Date"":"""",""Expiration Date"":"""",""Contract Link"":"""",""Website Link"":"""",""Primary Contact"":""Maria Garcete"",""Email"":""mgarcete@stingray.com"",""Additional Email"":"""",""Notes"":""_""}"
"rights_out","Stirr","TBN","Stirr","draft","2024-03-20","","","","VOD","Stirr","revenue_share","50% revenue share","","Source contract type: Distribution Agreement
Source content/feed scope: FAST ONLY (Scott wants to talk VOD in the future)
Source deal terms: 0.5
Source payout schedule: Q
Payment Tracking row 5: VOD/FAST: FAST; Platform: Stirr; Reports: Email Quarterly; Payment Recieved: Q; Payment Terms: Net 90; Notes: Can withhold payment if less than $100 / Don't have history of payment to determine payment schedule
Payment Tracking row 41: Platform: Stirr; Reports: 2024-03-20; Notes: Currently working on a dashboard, have not paid us since January, no rev reports to invoice, emailed for updates on dashboard and Rev sent 30 day notice to terminate
Email List & Tracking Notes row 23: Company: Stirr; Email: Scott@stirr.com","","digital-licensing-master:VOD Contracts:21","review","Missing status was retained as draft; Missing expiration/end-type information","VOD Contracts","21","https://www.dropbox.com/home/Digital%20Platforms%20Team/12.%20Digital%20Licensing%20%26%20Distribution/Distribution%20Partners/3.%20Active%20Partners/Stirr/Contracts/2020-2024","","Scott Schilchter | scott@stirr.com | john.wells@stirr.com | Scott@stirr.com","FAST ONLY (Scott wants to talk VOD in the future)","","","{""Platform"":""Stirr"",""Agreement Status"":"""",""Content"":""FAST ONLY (Scott wants to talk VOD in the future)"",""Territory"":"""",""Deal Terms ($$)"":""0.5"",""Payout Sch"":""Q"",""Contract Type"":""Distribution Agreement"",""Contract Date"":""2024-03-20"",""Expiration Date"":"""",""Contract Link"":""Stirr FAST"",""Website Link"":"""",""Primary Contact"":""Scott Schilchter"",""Email"":""scott@stirr.com"",""Additional Email"":"""",""Notes"":""""}"
"","","","","","","","","","","","","","","","","digital-licensing-master:VOD Contracts:22","skip","Blank or repeated workbook header row","VOD Contracts","22","","","","","","","{""Platform"":"""",""Agreement Status"":"""",""Content"":"""",""Territory"":"""",""Deal Terms ($$)"":"""",""Payout Sch"":"""",""Contract Type"":"""",""Contract Date"":"""",""Expiration Date"":"""",""Contract Link"":"""",""Website Link"":"""",""Primary Contact"":"""",""Email"":"""",""Additional Email"":"""",""Notes"":""_""}"
"","","","","","","","","","","","","","","","","digital-licensing-master:VOD Contracts:23","skip","Blank or repeated workbook header row","VOD Contracts","23","","","","","","","{""Platform"":"""",""Agreement Status"":"""",""Content"":"""",""Territory"":"""",""Deal Terms ($$)"":"""",""Payout Sch"":"""",""Contract Type"":"""",""Contract Date"":"""",""Expiration Date"":"""",""Contract Link"":"""",""Website Link"":"""",""Primary Contact"":"""",""Email"":"""",""Additional Email"":"""",""Notes"":""_""}"
"","","","","","","","","","","","","","","","","digital-licensing-master:VOD Contracts:24","skip","Blank or repeated workbook header row","VOD Contracts","24","","","","","","","{""Platform"":"""",""Agreement Status"":"""",""Content"":"""",""Territory"":"""",""Deal Terms ($$)"":"""",""Payout Sch"":"""",""Contract Type"":"""",""Contract Date"":"""",""Expiration Date"":"""",""Contract Link"":"""",""Website Link"":"""",""Primary Contact"":"""",""Email"":"""",""Additional Email"":"""",""Notes"":""_""}"
"","","","","","","","","","","","","","","","","digital-licensing-master:VOD Contracts:25","skip","Blank or repeated workbook header row","VOD Contracts","25","","","","","","","{""Platform"":"""",""Agreement Status"":"""",""Content"":"""",""Territory"":"""",""Deal Terms ($$)"":"""",""Payout Sch"":"""",""Contract Type"":"""",""Contract Date"":"""",""Expiration Date"":"""",""Contract Link"":"""",""Website Link"":"""",""Primary Contact"":"""",""Email"":"""",""Additional Email"":"""",""Notes"":""_""}"
"","","","","","","","","","","","","","","","","digital-licensing-master:VOD Contracts:26","skip","Blank or repeated workbook header row","VOD Contracts","26","","","","","","","{""Platform"":"""",""Agreement Status"":"""",""Content"":"""",""Territory"":"""",""Deal Terms ($$)"":"""",""Payout Sch"":"""",""Contract Type"":"""",""Contract Date"":"""",""Expiration Date"":"""",""Contract Link"":"""",""Website Link"":"""",""Primary Contact"":"""",""Email"":"""",""Additional Email"":"""",""Notes"":""_""}"
"rights_out","Right Now Media","TBN","Right Now Media","active","","date","2028-09-30","","See contract","Right Now Media","flat_fee","$14000.00 source licensing revenue","","Source content/feed scope: God's Appointed Times
Source deal terms: 14000
Source expiration: 2028-09-30","","digital-licensing-master:2026 Licensing Deals:2","review","Unmapped territories: See contract","2026 Licensing Deals","2","","","Tiffanie","God's Appointed Times","","","{""Licensee"":""Right Now Media"",""Sign Date"":""2026-07-18"",""Term Start"":""ASAP"",""Term End"":""2028-09-30"",""Revenue"":""14000"",""Rights"":""See contract"",""Territory"":""See contract"",""Status"":""Complete"",""Content Licensed"":""God's Appointed Times"",""Contact"":""Tiffanie"",""Notes"":""""}"
"rights_out","3 Little Words","TBN","3 Little Words","terminated","","date","2025-01-28","","VOD","3 Little Words","","","","Source contract type: Distribution Agreement
Source payout schedule: Marina Fraga
Source expiration: 2025-01-28","","digital-licensing-master:Terminated Contracts:2","review","","Terminated Contracts","2","https://www.dropbox.com/home/Digital%20Platforms%20Team/12.%20Digital%20Licensing%20%26%20Distribution/Distribution%20Partners/1.%20Terminated%20Partners/3%20Little%20Words/Termination%20Agreement","","Terminated | marina.fraga@oincfilmes.com.br | _ | Terminated as of 1/28/2025","","","","{""Platform"":""3 Little Words"",""Agreement Status"":""Terminated"",""Content"":"""",""Territory"":"""",""Deal Terms ($$)"":"""",""Payout Sch"":""Marina Fraga"",""Contract Type"":""Distribution Agreement"",""Contract Date"":"""",""Expiration Date"":""2025-01-28"",""Contract Link"":""3 little words"",""Website Link"":"""",""Primary Contact"":""Terminated"",""Email"":""marina.fraga@oincfilmes.com.br"",""Additional Email"":""_"",""Notes"":""Terminated as of 1/28/2025""}"
"rights_out","Enlace","TBN","Enlace","terminated","2024-09-23","","","","VOD","Enlace","revenue_share","65% revenue share","","Source contract type: Distribution Agreement
Source deal terms: 0.65
Source payout schedule: Llarreth Gutierrez
Email List & Tracking Notes row 10: Company: Enlace; Email: lgutierrez@enlace.org","","digital-licensing-master:Terminated Contracts:3","review","Missing expiration/end-type information","Terminated Contracts","3","https://www.dropbox.com/home/Digital%20Platforms%20Team/12.%20Digital%20Licensing%20%26%20Distribution/Distribution%20Partners/1.%20Terminated%20Partners/Enlace/Contracts/2025?preview=Mutual+Termination+of+Enlace+Christian+Television+Inc+Distribution+Agency+Agreement+FULLY+SIGNED+%281%29.pdf","","Terminated | lgutierrez@enlace.org | Terminated as of 5/22/2025 | lgutierrez@enlace.org","","","","{""Platform"":""Enlace"",""Agreement Status"":""Terminated"",""Content"":"""",""Territory"":"""",""Deal Terms ($$)"":""0.65"",""Payout Sch"":""Llarreth Gutierrez"",""Contract Type"":""Distribution Agreement"",""Contract Date"":""2024-09-23"",""Expiration Date"":"""",""Contract Link"":""Enlace"",""Website Link"":"""",""Primary Contact"":""Terminated"",""Email"":""lgutierrez@enlace.org"",""Additional Email"":"""",""Notes"":""Terminated as of 5/22/2025""}"
"rights_out","Newsmax","TBN","Newsmax","terminated","2022-06-28","","","United States","VOD","Newsmax","","","","Source contract type: Licensing Agreement
Source content/feed scope: Huckabee
Source deal terms: Q","","digital-licensing-master:Terminated Contracts:4","review","Missing expiration/end-type information; Deal terms were preserved in notes and require financial review: Q","Terminated Contracts","4","https://www.dropbox.com/home/Digital%20Platforms%20Team/12.%20Digital%20Licensing%20%26%20Distribution/Distribution%20Partners/3.%20Active%20Partners/Newsmax/Contracts/2020-2024","","Terminated in Jan | Accountspayable@newsmax.com | _","Huckabee","","","{""Platform"":""Newsmax"",""Agreement Status"":""Terminated"",""Content"":""Huckabee"",""Territory"":""US"",""Deal Terms ($$)"":""Q"",""Payout Sch"":"""",""Contract Type"":""Licensing Agreement"",""Contract Date"":""2022-06-28"",""Expiration Date"":"""",""Contract Link"":""Newsmax"",""Website Link"":"""",""Primary Contact"":""Terminated in Jan"",""Email"":""Accountspayable@newsmax.com"",""Additional Email"":""_"",""Notes"":""""}"
"rights_out","Zoe Broadcasting Network","TBN","Zoe Broadcasting Network","terminated","2023-10-27","date","2025-10-26","","VOD","Zoe Broadcasting Network","","","","Source content/feed scope: Homeschool Awakening/The Omega Code/ Megiddo/ Revolutionary/ Carman the Champion/The Cross
Source deal terms: Q
Source expiration: 2 year ending 10/26/2025
Payment Tracking row 19: VOD/FAST: VOD; Platform: Zoe Broadcasting Network; Reports: Email Quarterly; Payment Recieved: Q; Payment Terms: Net 30; Drive Thru History: No; Notes: Term ended 10/26/25
Email List & Tracking Notes row 32: Company: Zoe Broadcasting Network; Email: ariane.luis@zbni.ph; Tracking Notes: Have not been able to find contacts","https://zbni.ph/","digital-licensing-master:Terminated Contracts:5","review","Unmapped territories: Philippines; Deal terms were preserved in notes and require financial review: Q","Terminated Contracts","5","https://www.dropbox.com/work/Digital%20Platforms%20Team/12.%20Digital%20Licensing%20%26%20Distribution/1.%20Distribution%20Partners/3.%20Active%20Partners/Zoe%20Broadcasting%20Network/Contracts/2020-2024?preview=2023.10.27+TBN_ZOE+BROADCASTING+CORPORATION_LICENSING+AGREEMENT+10262023+CL_Fully+Signed.pdf","https://zbni.ph/","Ariane Luis | ariane.luis@zbni.ph | Terminated as of 11/4/2025 | ariane.luis@zbni.ph","Homeschool Awakening|The Omega Code|Megiddo|Revolutionary|Carman the Champion|The Cross","","","{""Platform"":""Zoe Broadcasting Network"",""Agreement Status"":""Terminated"",""Content"":""Homeschool Awakening/The Omega Code/ Megiddo/ Revolutionary/ Carman the Champion/The Cross"",""Territory"":""Philippines"",""Deal Terms ($$)"":""Q"",""Payout Sch"":"""",""Contract Type"":"""",""Contract Date"":""2023-10-27"",""Expiration Date"":""2 year ending 10/26/2025"",""Contract Link"":""Zoe"",""Website Link"":""https://zbni.ph/"",""Primary Contact"":""Ariane Luis"",""Email"":""ariane.luis@zbni.ph"",""Additional Email"":"""",""Notes"":""Terminated as of 11/4/2025""}"
"rights_out","VIX","TBN","VIX","terminated","2024-07-01","date","2025-07-01","United States|Mexico","VOD","VIX","","","","Source content/feed scope: One Night with the King / The Omega Code / Megiddo
Source deal terms: Q
Source expiration: 2025-07-01
Payment Tracking row 18: VOD/FAST: VOD; Platform: VIX; Reports: Email Quarterly; Payment Recieved: Q; Payment Terms: Net 90; Report Type: Detailed; Drive Thru History: No; Notes: Term ended July 1 2025, have email
Email List & Tracking Notes row 29: Company: VIX; Email: cisminomoya@televisaunivision.com; Email 2: vixpartnerships@televisaunivision.com","https://www.univision.com/vix","digital-licensing-master:Terminated Contracts:6","review","Unmapped territories: Latin America; Deal terms were preserved in notes and require financial review: Q","Terminated Contracts","6","https://www.dropbox.com/work/Digital%20Platforms%20Team/12.%20Digital%20Licensing%20%26%20Distribution/1.%20Distribution%20Partners/3.%20Active%20Partners/VIX/Contracts/2020-2024?preview=TBN-VIX_AVOD-Program-License+Agreement.+FULLY+SIGNED.pdf","https://www.univision.com/vix","Cynthia Ismino Moya | cisminomoya@televisaunivision.com | vixpartnerships@televisaunivision.com | cisminomoya@televisaunivision.com | vixpartnerships@televisaunivision.com","One Night with the King|The Omega Code|Megiddo","","","{""Platform"":""VIX"",""Agreement Status"":""Terminated"",""Content"":""One Night with the King / The Omega Code / Megiddo"",""Territory"":""US / MX / Latin America"",""Deal Terms ($$)"":""Q"",""Payout Sch"":"""",""Contract Type"":"""",""Contract Date"":""2024-07-01"",""Expiration Date"":""2025-07-01"",""Contract Link"":""ViX"",""Website Link"":""https://www.univision.com/vix"",""Primary Contact"":""Cynthia Ismino Moya"",""Email"":""cisminomoya@televisaunivision.com"",""Additional Email"":""vixpartnerships@televisaunivision.com"",""Notes"":""""}"
"rights_out","PAX Hungary","TBN","PAX Hungary","terminated","2023-07-13","date","2024-07-13","","VOD","PAX Hungary","","","","Source content/feed scope: TBN original programs
Source deal terms: One time payment
Source payout schedule: NEVER PAID
Source expiration: 2024-07-13
Payment Tracking row 24: VOD/FAST: VOD OTP; Platform: PAX Hungary; Payment Terms: PAST DUE
Payment Tracking row 39: Platform: PAX Hungary; Reports: 2024-07-13; Payment Terms: Auto renew; Report Type: 5000; Notes: They did respond, need time to pay us back, states they were negative. on L&D Aging has paid before","https://paxtv.hu/","digital-licensing-master:Terminated Contracts:7","review","Unmapped territories: Hungary; Deal terms were preserved in notes and require financial review: One time payment","Terminated Contracts","7","https://www.dropbox.com/home/Digital%20Platforms%20Team/12.%20Digital%20Licensing%20%26%20Distribution/Distribution%20Partners/3.%20Active%20Partners/PAX%20TV%20Hungary/Contracts/2020-2024","https://paxtv.hu/","Lilla Gere | gerelilla@gmail.com | benjamingere@gmail.com","TBN original programs","","","{""Platform"":""PAX Hungary"",""Agreement Status"":""Terminated"",""Content"":""TBN original programs"",""Territory"":""Hungary"",""Deal Terms ($$)"":""One time payment"",""Payout Sch"":""NEVER PAID"",""Contract Type"":"""",""Contract Date"":""2023-07-13"",""Expiration Date"":""2024-07-13"",""Contract Link"":""PAX"",""Website Link"":""https://paxtv.hu/"",""Primary Contact"":""Lilla Gere"",""Email"":""gerelilla@gmail.com"",""Additional Email"":""benjamingere@gmail.com"",""Notes"":""""}"
"rights_out","Vidio","TBN","Vidio","terminated","2024-02-01","","","","VOD","Vidio","revenue_share","50% revenue share","","Source content/feed scope: Homeschool Awakening/The Omega Code/ Megiddo/ Revolutionary/ Carman the Champion/The Cross/ One night with the king/ DTH S4, S5, S5 / America's Hidden History S1 and S2 / Smoketown
Source deal terms: 0.5
Source payout schedule: Q
Source expiration: Terminating as of 2/1
Payment Tracking row 17: VOD/FAST: VOD; Platform: Vidio; Reports: Email Monthly; Payment Recieved: Q; Payment Terms: Net 45; Report Type: Detailed; Drive Thru History: Yes; Notes: Can withold payment if less than $200 / Emailed to terminate agreement / waiting for final payments
Email List & Tracking Notes row 28: Company: Vidio; Email: annisa.karinda@vidio.com; Email 2: licensing@vidio.com","https://www.vidio.com/","digital-licensing-master:Terminated Contracts:8","review","Expiration language requires review: Terminating as of 2/1; Unmapped territories: Indonesia","Terminated Contracts","8","https://www.dropbox.com/work/Digital%20Platforms%20Team/12.%20Digital%20Licensing%20%26%20Distribution/1.%20Distribution%20Partners/3.%20Active%20Partners/Vidio/Contracts/2020-2024?preview=Vidio+Agreement+Part+1+and+Part+2+FINAL+%28FULLY+SIGNED%29_TBN+-+signed.pdf","https://www.vidio.com/","(Inda) Annisa Karinda | annisa.karinda@vidio.com | licensing@vidio.com | annisa.karinda@vidio.com | licensing@vidio.com","Homeschool Awakening|The Omega Code|Megiddo|Revolutionary|Carman the Champion|The Cross|One night with the king|Smoketown","DTH::4|America's Hidden History::1","","{""Platform"":""Vidio"",""Agreement Status"":""Terminated"",""Content"":""Homeschool Awakening/The Omega Code/ Megiddo/ Revolutionary/ Carman the Champion/The Cross/ One night with the king/ DTH S4, S5, S5 / America's Hidden History S1 and S2 / Smoketown"",""Territory"":""Indonesia"",""Deal Terms ($$)"":""0.5"",""Payout Sch"":""Q"",""Contract Type"":"""",""Contract Date"":""2024-02-01"",""Expiration Date"":""Terminating as of 2/1"",""Contract Link"":""Vidio"",""Website Link"":""https://www.vidio.com/"",""Primary Contact"":""(Inda) Annisa Karinda"",""Email"":""annisa.karinda@vidio.com"",""Additional Email"":""licensing@vidio.com"",""Notes"":""""}"
"rights_out","Stirr","TBN","Stirr","terminated","2024-03-20","date","2025-10-30","United States|Canada","VOD","Stirr","revenue_share","50% revenue share","","Source content/feed scope: TBN Linear
Source deal terms: 0.5
Source expiration: 2025-10-30","https://stirr.com/","digital-licensing-master:Terminated Contracts:9","import","","Terminated Contracts","9","https://www.dropbox.com/work/Digital%20Platforms%20Team/12.%20Digital%20Licensing%20%26%20Distribution/1.%20Distribution%20Partners/3.%20Active%20Partners/Stirr/Contracts/2020-2024?preview=2024.3.20+FULLY+EXECUTED+-+STIRR+TBN+-+Digital+Distribution_Platform+-Licensing+Agreement+v2.6++FINAL.pdf","https://stirr.com/","Scott Schlichter | scott@stirr.com | john.wells@stirr.com | Terminated as of 10/30/25","TBN Linear","","","{""Platform"":""Stirr"",""Agreement Status"":""Terminated"",""Content"":""TBN Linear"",""Territory"":""US / Canada"",""Deal Terms ($$)"":""0.5"",""Payout Sch"":"""",""Contract Type"":"""",""Contract Date"":""2024-03-20"",""Expiration Date"":""2025-10-30"",""Contract Link"":""Stirr"",""Website Link"":""https://stirr.com/"",""Primary Contact"":""Scott Schlichter"",""Email"":""scott@stirr.com"",""Additional Email"":""john.wells@stirr.com"",""Notes"":""Terminated as of 10/30/25""}"
"rights_out","Pluto","TBN","Pluto","terminated","2020-12-21","","","","VOD","Pluto","revenue_share","50% revenue share","","Source contract type: Content License Agreement
Source content/feed scope: TBN Linear
Source deal terms: 0.5
Payment Tracking row 28: VOD/FAST: FAST; Platform: Pluto
Email List & Tracking Notes row 16: Company: Pluto; Email: kamlie@tbn.tv; Email 2: avni.amin@pluto.tv; Billing: Natalie.gomez@pluto.tv; Tracking Notes: Pluto is terminating agreement, all content down by October 1st 2025; As of Date: 2025-08-01","","digital-licensing-master:Terminated Contracts:10","review","Missing expiration/end-type information","Terminated Contracts","10","https://www.dropbox.com/work/Digital%20Platforms%20Team/12.%20Digital%20Licensing%20%26%20Distribution/1.%20Distribution%20Partners/3.%20Active%20Partners/Pluto/Contracts/2020-2024?preview=Pluto+Complete_with_DocuSign_20221114_-_TBN_-_Pl.pdf","","Karsten Amlie | kamlie@tbn.tv | avni.amin@pluto.tv | Terminated us as of 9/30/25 | kamlie@tbn.tv | avni.amin@pluto.tv | Natalie.gomez@pluto.tv","TBN Linear","","","{""Platform"":""Pluto"",""Agreement Status"":""Terminated"",""Content"":""TBN Linear"",""Territory"":"""",""Deal Terms ($$)"":""0.5"",""Payout Sch"":"""",""Contract Type"":""Content License Agreement"",""Contract Date"":""2020-12-21"",""Expiration Date"":"""",""Contract Link"":""Pluto"",""Website Link"":"""",""Primary Contact"":""Karsten Amlie"",""Email"":""kamlie@tbn.tv"",""Additional Email"":""avni.amin@pluto.tv"",""Notes"":""Terminated us as of 9/30/25""}"
"rights_out","Sapphire DTX","TBN","Sapphire DTX","terminated","2023-05-25","date","2026-10-25","","VOD","Sapphire DTX","revenue_share","40% revenue share","","Source content/feed scope: Homeschool Awakening / One Night with The King / The Omega Code  / Meggido / The revolutionary / Carman The Champion / The Cross / DTH S4,S5, S6 /Abraham Accords / America's Hidden History S1 and 2 / Smoketown / Beyond Blessed / You are stronger than you think with Joel olsteen / Your Best Life Now
Source deal terms: 0.4
Source payout schedule: Q
Source expiration: 2026-10-25
Payment Tracking row 15: VOD/FAST: VOD; Platform: Sapphire DTX; Reports: Email Monthly; Payment Recieved: Q; Payment Terms: Net 14; Drive Thru History: Yes; Notes: Have not been able to contact","https://sapphiredtx.com/","digital-licensing-master:Terminated Contracts:11","review","Unmapped territories: Philippines, Vietman, South Korea, Austrailia, Thailand, Singapore","Terminated Contracts","11","https://www.dropbox.com/work/Digital%20Platforms%20Team/12.%20Digital%20Licensing%20%26%20Distribution/1.%20Distribution%20Partners/3.%20Active%20Partners/Sapphire%20DTX/Contracts/2020-2024?preview=Sapphire+x+TBN+Contract+FULLY+SIGNED.pdf","https://sapphiredtx.com/","kathleen.evaristo@sapphiredtx.com | janos.reyes@sapphiredtx.com","Homeschool Awakening|One Night with The King|The Omega Code|Meggido|The revolutionary|Carman The Champion|The Cross|Abraham Accords|Smoketown|Beyond Blessed|You are stronger than you think with Joel olsteen|Your Best Life Now","DTH::4|America's Hidden History::1","","{""Platform"":""Sapphire DTX"",""Agreement Status"":""Terminated"",""Content"":""Homeschool Awakening / One Night with The King / The Omega Code  / Meggido / The revolutionary / Carman The Champion / The Cross / DTH S4,S5, S6 /Abraham Accords / America's Hidden History S1 and 2 / Smoketown / Beyond Blessed / You are stronger than you think with Joel olsteen / Your Best Life Now"",""Territory"":""Philippines, Vietman, South Korea, Austrailia, Thailand, Singapore,"",""Deal Terms ($$)"":""0.4"",""Payout Sch"":""Q"",""Contract Type"":"""",""Contract Date"":""2023-05-25"",""Expiration Date"":""2026-10-25"",""Contract Link"":""Sapphire"",""Website Link"":""https://sapphiredtx.com/"",""Primary Contact"":"""",""Email"":""kathleen.evaristo@sapphiredtx.com"",""Additional Email"":""janos.reyes@sapphiredtx.com"",""Notes"":""""}"
"rights_out","Best Entertainment","TBN","Best Entertainment","draft","2020-03-15","date","2025-03-14","","VOD","Best Entertainment","","","","No Renewal Language/exclusive rights/ AR states that they don't have an account set up and no details to follow
Source contract type: Distribution Agreement
Source content/feed scope: Smoketown
Source deal terms: One time Payment
Source payout schedule: Paid
Source expiration: 5 year ending 3/14/2025
Email List & Tracking Notes row 7: Company: Best Entertainment; Email: thomaswebert@aol.com","","digital-licensing-master:Dormant Partners:2","review","Dormant partner was retained as a draft contract for review; Deal terms were preserved in notes and require financial review: One time Payment","Dormant Partners","2","https://www.dropbox.com/home/Digital%20Platforms%20Team/12.%20Digital%20Licensing%20%26%20Distribution/Distribution%20Partners/4.%20Dormant%20Partners/Best%20Entertainment/Contracts/2020-2024","","Thomas Webert | thomaswebert@aol.com | thomaswebert@aol.com","Smoketown","","","{""Platform"":""Best Entertainment"",""Agreement Status"":""Dormant"",""Content"":""Smoketown"",""Territory"":"""",""Deal Terms ($$)"":""One time Payment"",""Payout Sch"":""Paid"",""Contract Type"":""Distribution Agreement"",""Contract Date"":""2020-03-15"",""Expiration Date"":""5 year ending 3/14/2025"",""Contract Link"":""Best Entertainment"",""Website Link"":"""",""Primary Contact"":""Thomas Webert"",""Email"":""thomaswebert@aol.com"",""Additional Email"":"""",""Notes"":""No Renewal Language/exclusive rights/ AR states that they don't have an account set up and no details to follow""}"
"rights_out","Bahamas Telecom Co","TBN","Bahamas Telecom Co","draft","2024-04-22","date","2025-05-01","","VOD","Bahamas Telecom Co","","","","CWIC and BTC entered into same agreement
Source contract type: Licensing Agreement
Source content/feed scope: TD Jakes Crushing / DTH S5 & S6
Source deal terms: One Time Payout
Source expiration: 2025-05-01","","digital-licensing-master:Dormant Partners:3","review","Dormant partner was retained as a draft contract for review; Unmapped territories: Bahamas; Deal terms were preserved in notes and require financial review: One Time Payout","Dormant Partners","3","https://www.dropbox.com/home/Digital%20Platforms%20Team/12.%20Digital%20Licensing%20%26%20Distribution/Distribution%20Partners/4.%20Dormant%20Partners/Bahamas%20Telecom%20Company/Contracts/2020-2024","","","TD Jakes Crushing","DTH::5","","{""Platform"":""Bahamas Telecom Co"",""Agreement Status"":""Dormant"",""Content"":""TD Jakes Crushing / DTH S5 & S6"",""Territory"":""Bahamas"",""Deal Terms ($$)"":""One Time Payout"",""Payout Sch"":"""",""Contract Type"":""Licensing Agreement"",""Contract Date"":""2024-04-22"",""Expiration Date"":""2025-05-01"",""Contract Link"":""Bahamas Telecom Co"",""Website Link"":"""",""Primary Contact"":"""",""Email"":"""",""Additional Email"":"""",""Notes"":""CWIC and BTC entered into same agreement""}"
"rights_out","CWI Caribbean Ltd CWIC","TBN","CWI Caribbean Ltd CWIC","draft","2024-05-01","date","2025-05-01","","VOD","CWI Caribbean Ltd CWIC","","","","Notify 60 days prior to end of term to initiate renewal discussion/ one time payment / CWIC and BTC entered into same agreement
Source contract type: Licensing Agreement
Source content/feed scope: Drive Thru History S5,S6 / TD Jakes Crushing
Source deal terms: One time Payment
Source payout schedule: NEVER PAID
Source expiration: 1 year ending 5/1/2025
Payment Tracking row 25: VOD/FAST: VOD OTP; Platform: CWI Caribbean Ltd CWIC; Payment Terms: PAST DUE; Notes: now Flow Business / Reached out on the website
Payment Tracking row 40: Platform: CWI Caribbean Ltd CWIC; Reports: 2024-05-01; Payment Terms: 2025-05-01; Report Type: 3825; Notes: No contact info, have tried contacting through website. on L&D Aging / does have an account, has never paid","https://flowbusiness.co/barbados/legal-notices","digital-licensing-master:Dormant Partners:4","review","Dormant partner was retained as a draft contract for review; Unmapped territories: Caribbean; Deal terms were preserved in notes and require financial review: One time Payment","Dormant Partners","4","https://www.dropbox.com/work/Digital%20Platforms%20Team/12.%20Digital%20Licensing%20%26%20Distribution/1.%20Distribution%20Partners/4.%20Dormant%20Partners/CWI%20Caribbean%20Ltd%20CWIC/Contracts/2020-2024","https://flowbusiness.co/barbados/legal-notices","","TD Jakes Crushing","Drive Thru History::5","","{""Platform"":""CWI Caribbean Ltd CWIC"",""Agreement Status"":""Dormant"",""Content"":""Drive Thru History S5,S6 / TD Jakes Crushing"",""Territory"":""Caribbean"",""Deal Terms ($$)"":""One time Payment"",""Payout Sch"":""NEVER PAID"",""Contract Type"":""Licensing Agreement"",""Contract Date"":""2024-05-01"",""Expiration Date"":""1 year ending 5/1/2025"",""Contract Link"":""CWIC"",""Website Link"":""https://flowbusiness.co/barbados/legal-notices"",""Primary Contact"":"""",""Email"":"""",""Additional Email"":"""",""Notes"":""Notify 60 days prior to end of term to initiate renewal discussion/ one time payment / CWIC and BTC entered into same agreement""}"
"rights_out","Boas Novas TV","TBN","Boas Novas TV","draft","2023-11-13","date","2025-10-23","Brazil","VOD","Boas Novas TV","","","","Auto renew unless agreed to in writing 60 days in advance/future fees for renewal (5K license fee) / also says that the affiliate would have to notify us if they wish to renew... confused...????
Source content/feed scope: Access to TBN Original Programs made available to Network Affiliate Partners
Source deal terms: One Time Payout
Source payout schedule: NEVER PAID
Source expiration: 2 year ending 10/23/2025
Payment Tracking row 23: VOD/FAST: VOD OTP; Platform: Boas Novas TV; Payment Terms: PAST DUE","https://www.boasnovas.net/","digital-licensing-master:Dormant Partners:5","review","Dormant partner was retained as a draft contract for review; Deal terms were preserved in notes and require financial review: One Time Payout","Dormant Partners","5","https://www.dropbox.com/home/Digital%20Platforms%20Team/12.%20Digital%20Licensing%20%26%20Distribution/Distribution%20Partners/3.%20Active%20Partners/Bovas%20Novas/Contracts/2020-2024","https://www.boasnovas.net/","_ | Andrecamara@boasnovas.tv | _","Access to TBN Original Programs made available to Network Affiliate Partners","","","{""Platform"":""Boas Novas TV"",""Agreement Status"":""Dormant"",""Content"":""Access to TBN Original Programs made available to Network Affiliate Partners"",""Territory"":""Brazil"",""Deal Terms ($$)"":""One Time Payout"",""Payout Sch"":""NEVER PAID"",""Contract Type"":"""",""Contract Date"":""2023-11-13"",""Expiration Date"":""2 year ending 10/23/2025"",""Contract Link"":""Boas Novas"",""Website Link"":""https://www.boasnovas.net/"",""Primary Contact"":""_"",""Email"":""Andrecamara@boasnovas.tv"",""Additional Email"":"""",""Notes"":""Auto renew unless agreed to in writing 60 days in advance/future fees for renewal (5K license fee) / also says that the affiliate would have to notify us if they wish to renew... confused...????""}"
"rights_out","PT MNC Sky Vision","TBN","PT MNC Sky Vision","draft","2024-01-08","date","2026-01-08","","VOD","PT MNC Sky Vision","","","","Total fee of $18,000. not seeing any renewal language
Source contract type: Licensing Agreement
Source content/feed scope: The Cross: The Authur Blessit Story / Carman the Champion / Homeschool Awakening / Smoketown / In the Gap with Choco De Jesus / Beyond Blessed / Your Best life now / Inexplicable / DTH S5
Source deal terms: One time payment
Source payout schedule: Past due
Source expiration: 2 years 1/8/2026
Payment Tracking row 22: VOD/FAST: VOD OTP; Platform: PT MNC Sky Vision; Payment Terms: PAST DUE
Payment Tracking row 38: Platform: PT MNC Sky Vision; Reports: 2024-01-08; Payment Terms: 2 years 1/8/2026; Report Type: 2200; Notes: Emailed, never heard back, on L&D Aging / does have account has paid in the past","https://www.mncvision.id/","digital-licensing-master:Dormant Partners:6","review","Dormant partner was retained as a draft contract for review; Unmapped territories: Indonesia; Deal terms were preserved in notes and require financial review: One time payment","Dormant Partners","6","https://www.dropbox.com/home/Digital%20Platforms%20Team/12.%20Digital%20Licensing%20%26%20Distribution/Distribution%20Partners/3.%20Active%20Partners/PT%20MNC%20Sky%20Vision/Contracts/2020-2024","https://www.mncvision.id/","dhani.priambodo@mncgroup.com (from shaynas list)","The Cross: The Authur Blessit Story|Carman the Champion|Homeschool Awakening|Smoketown|In the Gap with Choco De Jesus|Beyond Blessed|Your Best life now|Inexplicable","DTH::5","","{""Platform"":""PT MNC Sky Vision"",""Agreement Status"":""Dormant"",""Content"":""The Cross: The Authur Blessit Story / Carman the Champion / Homeschool Awakening / Smoketown / In the Gap with Choco De Jesus / Beyond Blessed / Your Best life now / Inexplicable / DTH S5"",""Territory"":""Indonesia"",""Deal Terms ($$)"":""One time payment"",""Payout Sch"":""Past due"",""Contract Type"":""Licensing Agreement"",""Contract Date"":""2024-01-08"",""Expiration Date"":""2 years 1/8/2026"",""Contract Link"":""PT MNC Sky Vision"",""Website Link"":""https://www.mncvision.id/"",""Primary Contact"":"""",""Email"":""dhani.priambodo@mncgroup.com (from shaynas list)"",""Additional Email"":"""",""Notes"":""Total fee of $18,000. not seeing any renewal language""}"
"rights_out","Total Content Digital","TBN","Total Content Digital","draft","2024-08-15","date","2025-12-31","United States","VOD","Total Content Digital","","","","5K license fee to be paid upon delivery/ sent email to Page to take down content
Source contract type: Licensing Agreement
Source content/feed scope: Your Best Life Now / You Are Stronger Than You Think
Source deal terms: One Time Payout
Source payout schedule: Paid
Source expiration: 2025-12-31
Email List & Tracking Notes row 26: Company: Total Content Digital; Email: Page@totalcontentdigital.com","","digital-licensing-master:Dormant Partners:7","review","Dormant partner was retained as a draft contract for review; Deal terms were preserved in notes and require financial review: One Time Payout","Dormant Partners","7","https://www.dropbox.com/home/Digital%20Platforms%20Team/12.%20Digital%20Licensing%20%26%20Distribution/Distribution%20Partners/3.%20Active%20Partners/Total%20Content%20Digital?preview=TBN_TCD_FULLY+SIGNED_LICENSING+AGREEMENT_10.14.24.pdf","","page@totalcontentdigital.com | Page@totalcontentdigital.com","Your Best Life Now|You Are Stronger Than You Think","","","{""Platform"":""Total Content Digital"",""Agreement Status"":""Dormant"",""Content"":""Your Best Life Now / You Are Stronger Than You Think"",""Territory"":""US"",""Deal Terms ($$)"":""One Time Payout"",""Payout Sch"":""Paid"",""Contract Type"":""Licensing Agreement"",""Contract Date"":""2024-08-15"",""Expiration Date"":""2025-12-31"",""Contract Link"":""Total Content Digital"",""Website Link"":"""",""Primary Contact"":"""",""Email"":""page@totalcontentdigital.com"",""Additional Email"":"""",""Notes"":""5K license fee to be paid upon delivery/ sent email to Page to take down content""}"
"rights_out","Salt Media","TBN","Salt Media","draft","2024-01-06","date","2026-01-06","","VOD","Salt Media","revenue_share","50% revenue share","","50% of net retail price per transaction / content taken down 1/6/25
Source contract type: Licensing Agreement
Source content/feed scope: Route 60
Source deal terms: 0.5
Source payout schedule: Q
Source expiration: 2026-01-06
Payment Tracking row 14: VOD/FAST: VOD; Platform: Salt Media; Reports: Email Quarterly; Payment Recieved: Q; Payment Terms: Net 45; Report Type: Detailed; Drive Thru History: No
Email List & Tracking Notes row 21: Company: Salt Media; Email: sherman@saltmeda.asia; Email 2: kevin@saltmedia.asia; Billing: janice@saltmedia.asia Sylvia@saltmedia.asia; Tracking Notes: Emailed to get rev reports; As of Date: 2025-08-28","https://saltmedia.asia/","digital-licensing-master:Dormant Partners:8","review","Dormant partner was retained as a draft contract for review; Unmapped territories: Singapore, Malaysia, Indonesia","Dormant Partners","8","https://www.dropbox.com/work/Digital%20Platforms%20Team/12.%20Digital%20Licensing%20%26%20Distribution/1.%20Distribution%20Partners/3.%20Active%20Partners/Salt%20Media/Contracts/2020-2024?preview=TBN_SALTMEDIA_TVOD+ROUTE+60_LICENSING+AGREEMENT+CONTENT_10.3.23+Partially+Signed.pdf","https://saltmedia.asia/","Sherman Ng | Sherman@saltmedia.asia | Kevin@saltmedia.asia | sherman@saltmeda.asia | kevin@saltmedia.asia | janice@saltmedia.asia Sylvia@saltmedia.asia","Route 60","","","{""Platform"":""Salt Media"",""Agreement Status"":""Dormant"",""Content"":""Route 60"",""Territory"":""Singapore, Malaysia, Indonesia"",""Deal Terms ($$)"":""0.5"",""Payout Sch"":""Q"",""Contract Type"":""Licensing Agreement"",""Contract Date"":""2024-01-06"",""Expiration Date"":""2026-01-06"",""Contract Link"":""Salt Media"",""Website Link"":""https://saltmedia.asia/"",""Primary Contact"":""Sherman Ng"",""Email"":""Sherman@saltmedia.asia"",""Additional Email"":"""",""Notes"":""50% of net retail price per transaction / content taken down 1/6/25""}"
"rights_out","Living Scriptures","TBN","Living Scriptures","draft","2024-05-31","date","2026-05-31","United States","VOD","Living Scriptures","","","","Confirmed content was taken down 5/31/26
Source contract type: Content License Agreement
Source content/feed scope: DTH S5 / One Night with The King
Source payout schedule: OTP
Source expiration: 2026-05-31","https://www.livingscriptures.com/","digital-licensing-master:Dormant Partners:9","review","Dormant partner was retained as a draft contract for review","Dormant Partners","9","https://www.dropbox.com/home/Digital%20Platforms%20Team/12.%20Digital%20Licensing%20%26%20Distribution/Distribution%20Partners/3.%20Active%20Partners/Living%20Scriptures/Contracts/2020-2024","https://www.livingscriptures.com/","Victoria | Victoria@livingscriptures.com | Krystal@livingscriptures.com","One Night with The King","DTH::5","","{""Platform"":""Living Scriptures"",""Agreement Status"":""Dormant"",""Content"":""DTH S5 / One Night with The King"",""Territory"":""US"",""Deal Terms ($$)"":"""",""Payout Sch"":""OTP"",""Contract Type"":""Content License Agreement"",""Contract Date"":""2024-05-31"",""Expiration Date"":""2026-05-31"",""Contract Link"":""Living Scriptures"",""Website Link"":""https://www.livingscriptures.com/"",""Primary Contact"":""Victoria"",""Email"":""Victoria@livingscriptures.com"",""Additional Email"":"""",""Notes"":""Confirmed content was taken down 5/31/26""}"
"","","","","","","","","","","","","","","","","digital-licensing-master:Dashboards & Logins","skip","13 credential rows excluded for security; no usernames or passwords were copied","Dashboards & Logins","","","","","","","",""
"rights_out","Miracle Channel*","TBN","Miracle Channel*","active","","","","Canada","Broadcast","Miracle Channel*","","","","FAST channels: TBN / TBN Inspire","","digital-licensing-master:Missional Contracts:2","review","Missing expiration/end-type information","Missional Contracts","2","","","Chelsea Kleinsasser | chelsea.kleinsasser@mcamediagroup.com | david.craig@mcamediagroup.com","","","","{""Platform"":""Miracle Channel*"",""Agreement Status"":""Active"",""Content"":"""",""Deal Terms ($$)"":"""",""Region"":""CA"",""Fast Channels"":""TBN / TBN Inspire"",""Payout Sch"":"""",""Primary Contact"":"""",""Email"":""Chelsea Kleinsasser"",""Additional Email"":""david.craig@mcamediagroup.com"",""Contract Type"":"""",""Contract Date"":"""",""Expiration Date"":"""",""Contract Link"":"""",""Notes"":""""}"
"rights_out","MoreTV*","TBN","MoreTV*","draft","","","","","Broadcast","MoreTV*","","","","_Term possibly ended? removed Hillsong channel, no language of replacing with TBN inspire
FAST channels: TBN
Source contract type: Distribution Agreement","","digital-licensing-master:Missional Contracts:3","review","Source status ""Unknown"" was retained as draft; Missing expiration/end-type information; Unmapped territories: DK","Missional Contracts","3","https://www.dropbox.com/home/Digital%20Platforms%20Team/12.%20Digital%20Licensing%20%26%20Distribution/Distribution%20Partners/3.%20Active%20Partners/MoreTV/Contracts/2020-2024","","Henrik Engedal | hen@moretv.dk","","","","{""Platform"":""MoreTV*"",""Agreement Status"":""Unknown"",""Content"":"""",""Deal Terms ($$)"":"""",""Region"":""DK"",""Fast Channels"":""TBN"",""Payout Sch"":"""",""Primary Contact"":"""",""Email"":""Henrik Engedal"",""Additional Email"":"""",""Contract Type"":""Distribution Agreement"",""Contract Date"":"""",""Expiration Date"":"""",""Contract Link"":""More TV"",""Notes"":""_Term possibly ended? removed Hillsong channel, no language of replacing with TBN inspire""}"
"rights_out","Multitood","TBN","Multitood","terminated","2024-05-01","","","","","Multitood","","","","_Kristina stated we are possibly terminating this agreement
Source contract type: Translation Agreement
Source deal terms: Dubbing Service","","digital-licensing-master:Translation Contracts:2","review","Missing expiration/end-type information; Deal terms were preserved in notes and require financial review: Dubbing Service; Translation/vendor service agreements are not imported as media-rights contracts","Translation Contracts","2","https://www.dropbox.com/home/Digital%20Platforms%20Team/12.%20Digital%20Licensing%20%26%20Distribution/Distribution%20Partners/2.%20Translation%20Partners/Multitood/Contracts/2020-2024","","Abby Sherwood | abby@multitood.com | Rick@multitood.com","","","","{""Platform"":""Multitood"",""Agreement Status"":""Terminated"",""Content"":"""",""Deal Terms ($$)"":""Dubbing Service"",""Payout Sch"":"""",""Primary Contact"":""Abby Sherwood"",""Email"":""abby@multitood.com"",""Additional Email"":"""",""Contract Type"":""Translation Agreement"",""Contract Date"":""2024-05-01"",""Expiration Date"":"""",""Contract Link"":""Multitood"",""Notes"":""_Kristina stated we are possibly terminating this agreement""}"
"rights_out","20 Plus Studios","TBN","20 Plus Studios","draft","2023-05-25","","","","","20 Plus Studios","","","","This was a spanish dub for a homeschool commercial, looks like we only used them once
Source contract type: Translation Agreement
Source deal terms: Dubbing Service","","digital-licensing-master:Translation Contracts:3","review","Source status ""Unknown"" was retained as draft; Missing expiration/end-type information; Deal terms were preserved in notes and require financial review: Dubbing Service; Translation/vendor service agreements are not imported as media-rights contracts","Translation Contracts","3","https://www.dropbox.com/home/Digital%20Platforms%20Team/12.%20Digital%20Licensing%20%26%20Distribution/Distribution%20Partners/2.%20Translation%20Partners/20%20Plus%20Studios/Contracts/2020-2024","","","","","","{""Platform"":""20 Plus Studios"",""Agreement Status"":""Unknown"",""Content"":"""",""Deal Terms ($$)"":""Dubbing Service"",""Payout Sch"":"""",""Primary Contact"":"""",""Email"":"""",""Additional Email"":"""",""Contract Type"":""Translation Agreement"",""Contract Date"":""2023-05-25"",""Expiration Date"":"""",""Contract Link"":""20 Plus Studios"",""Notes"":""This was a spanish dub for a homeschool commercial, looks like we only used them once""}"
"","Fire TV/FTVC (Amazon)","","","","","","","","","","","","","","","digital-licensing-master:Payment Tracking:2","skip","Payment Tracking data was merged into digital-licensing-master:FAST Contracts:2","Payment Tracking","2","","","","","","","{""VOD/FAST"":""FAST"",""Platform"":""Fire TV/FTVC (Amazon)"",""Reports"":""Email Monthly"",""Payment Recieved"":""Monthly"",""Payment Terms"":""Net 90"",""Report Type"":""Linear"",""Drive Thru History"":"""",""Notes"":""""}"
"","Amazon FreeVee","","","","","","","","","","","","","","","digital-licensing-master:Payment Tracking:3","skip","Payment Tracking data could not be matched deterministically to a contract and remains in raw_source_data","Payment Tracking","3","","","","","","","{""VOD/FAST"":""FAST"",""Platform"":""Amazon FreeVee"",""Reports"":""Dashboard Monthly"",""Payment Recieved"":""Monthly"",""Payment Terms"":""Net 90"",""Report Type"":""Detailed"",""Drive Thru History"":"""",""Notes"":""""}"
"","Freecast","","","","","","","","","","","","","","","digital-licensing-master:Payment Tracking:4","skip","Payment Tracking data was merged into digital-licensing-master:FAST Contracts:20","Payment Tracking","4","","","","","","","{""VOD/FAST"":""FAST"",""Platform"":""Freecast"",""Reports"":""Email Monthly"",""Payment Recieved"":""?"",""Payment Terms"":""Net 30"",""Report Type"":""Linear"",""Drive Thru History"":"""",""Notes"":""Paid on Aug 25th, don't have history of payment to determine payment sch.""}"
"","Stirr","","","","","","","","","","","","","","","digital-licensing-master:Payment Tracking:5","skip","Payment Tracking data was merged into digital-licensing-master:VOD Contracts:21","Payment Tracking","5","","","","","","","{""VOD/FAST"":""FAST"",""Platform"":""Stirr"",""Reports"":""Email Quarterly"",""Payment Recieved"":""Q"",""Payment Terms"":""Net 90"",""Report Type"":"""",""Drive Thru History"":"""",""Notes"":""Can withhold payment if less than $100 / Don't have history of payment to determine payment schedule""}"
"","TCL/FALCON","","","","","","","","","","","","","","","digital-licensing-master:Payment Tracking:6","skip","Payment Tracking data was merged into digital-licensing-master:FAST Contracts:4","Payment Tracking","6","","","","","","","{""VOD/FAST"":""FAST"",""Platform"":""TCL/FALCON"",""Reports"":""Email Quarterly"",""Payment Recieved"":""Q"",""Payment Terms"":""Net 90"",""Report Type"":""Linear"",""Drive Thru History"":"""",""Notes"":""Can withhold payment if less than $500 until next quarter /""}"
"","ABSCBN/iWantTFC/ANC","","","","","","","","","","","","","","","digital-licensing-master:Payment Tracking:7","skip","Payment Tracking data was merged into digital-licensing-master:VOD Contracts:2","Payment Tracking","7","","","","","","","{""VOD/FAST"":""VOD"",""Platform"":""ABSCBN/iWantTFC/ANC"",""Reports"":""Email Quarterly"",""Payment Recieved"":""Q"",""Payment Terms"":""Net 60"",""Report Type"":""Detailed"",""Drive Thru History"":""Yes"",""Notes"":""Shall send report no later than 15 days after Q / Have not launched DTH yet.... Should we email to not launch?""}"
"","Allied Vaughn/Willette Acquisition Corp.","","","","","","","","","","","","","","","digital-licensing-master:Payment Tracking:8","skip","Payment Tracking data was merged into digital-licensing-master:VOD Contracts:3","Payment Tracking","8","","","","","","","{""VOD/FAST"":""VOD"",""Platform"":""Allied Vaughn/Willette Acquisition Corp."",""Reports"":""Email Monthly"",""Payment Recieved"":""Q"",""Payment Terms"":""Net 60"",""Report Type"":""Detailed"",""Drive Thru History"":""No"",""Notes"":""""}"
"","Amazon Prime Video","","","","","","","","","","","","","","","digital-licensing-master:Payment Tracking:9","skip","Payment Tracking data was merged into digital-licensing-master:VOD Contracts:4","Payment Tracking","9","","","","","","","{""VOD/FAST"":""VOD"",""Platform"":""Amazon Prime Video"",""Reports"":""Dashboard Monthly"",""Payment Recieved"":""Monthly"",""Payment Terms"":""Net 90"",""Report Type"":""Detailed"",""Drive Thru History"":""Yes"",""Notes"":""""}"
"","CW","","","","","","","","","","","","","","","digital-licensing-master:Payment Tracking:10","skip","Payment Tracking data was merged into digital-licensing-master:VOD Contracts:5","Payment Tracking","10","","","","","","","{""VOD/FAST"":""VOD"",""Platform"":""CW"",""Reports"":""Email Quarterly"",""Payment Recieved"":""Q"",""Payment Terms"":""Net 60"",""Report Type"":""Detailed"",""Drive Thru History"":""No"",""Notes"":""typically sends Q report 2 months after quarter ends""}"
"","Hoopla","","","","","","","","","","","","","","","digital-licensing-master:Payment Tracking:11","skip","Payment Tracking data was merged into digital-licensing-master:VOD Contracts:6","Payment Tracking","11","","","","","","","{""VOD/FAST"":""VOD"",""Platform"":""Hoopla"",""Reports"":""Dashboard Monthly"",""Payment Recieved"":""Monthly"",""Payment Terms"":""Net 60"",""Report Type"":""Detailed"",""Drive Thru History"":""Yes"",""Notes"":""Can withhold payment if less than $500 /""}"
"","IZZY","","","","","","","","","","","","","","","digital-licensing-master:Payment Tracking:12","skip","Payment Tracking data was merged into digital-licensing-master:VOD Contracts:7","Payment Tracking","12","","","","","","","{""VOD/FAST"":""VOD"",""Platform"":""IZZY"",""Reports"":""Email Quarterly"",""Payment Recieved"":""Q"",""Payment Terms"":""Net 45"",""Report Type"":""Detailed"",""Drive Thru History"":""Yes"",""Notes"":""""}"
"","Premiere Digital Services","","","","","","","","","","","","","","","digital-licensing-master:Payment Tracking:13","skip","Payment Tracking data was merged into digital-licensing-master:VOD Contracts:8","Payment Tracking","13","","","","","","","{""VOD/FAST"":""VOD"",""Platform"":""Premiere Digital Services"",""Reports"":""Dashboard Monthly"",""Payment Recieved"":""Monthly"",""Payment Terms"":""Net 30"",""Report Type"":""Detailed"",""Drive Thru History"":""Yes"",""Notes"":""""}"
"","Salt Media","","","","","","","","","","","","","","","digital-licensing-master:Payment Tracking:14","skip","Payment Tracking data was merged into digital-licensing-master:Dormant Partners:8","Payment Tracking","14","","","","","","","{""VOD/FAST"":""VOD"",""Platform"":""Salt Media"",""Reports"":""Email Quarterly"",""Payment Recieved"":""Q"",""Payment Terms"":""Net 45"",""Report Type"":""Detailed"",""Drive Thru History"":""No"",""Notes"":""""}"
"","Sapphire DTX","","","","","","","","","","","","","","","digital-licensing-master:Payment Tracking:15","skip","Payment Tracking data was merged into digital-licensing-master:Terminated Contracts:11","Payment Tracking","15","","","","","","","{""VOD/FAST"":""VOD"",""Platform"":""Sapphire DTX"",""Reports"":""Email Monthly"",""Payment Recieved"":""Q"",""Payment Terms"":""Net 14"",""Report Type"":"""",""Drive Thru History"":""Yes"",""Notes"":""Have not been able to contact""}"
"","Tubi","","","","","","","","","","","","","","","digital-licensing-master:Payment Tracking:16","skip","Payment Tracking data was merged into digital-licensing-master:FAST Contracts:13","Payment Tracking","16","","","","","","","{""VOD/FAST"":""VOD"",""Platform"":""Tubi"",""Reports"":""Dashboard Monthly"",""Payment Recieved"":""Q"",""Payment Terms"":""Net 90"",""Report Type"":""Detailed"",""Drive Thru History"":""Yes"",""Notes"":""Can withhold payment if less than $1000""}"
"","Vidio","","","","","","","","","","","","","","","digital-licensing-master:Payment Tracking:17","skip","Payment Tracking data was merged into digital-licensing-master:Terminated Contracts:8","Payment Tracking","17","","","","","","","{""VOD/FAST"":""VOD"",""Platform"":""Vidio"",""Reports"":""Email Monthly"",""Payment Recieved"":""Q"",""Payment Terms"":""Net 45"",""Report Type"":""Detailed"",""Drive Thru History"":""Yes"",""Notes"":""Can withold payment if less than $200 / Emailed to terminate agreement / waiting for final payments""}"
"","VIX","","","","","","","","","","","","","","","digital-licensing-master:Payment Tracking:18","skip","Payment Tracking data was merged into digital-licensing-master:Terminated Contracts:6","Payment Tracking","18","","","","","","","{""VOD/FAST"":""VOD"",""Platform"":""VIX"",""Reports"":""Email Quarterly"",""Payment Recieved"":""Q"",""Payment Terms"":""Net 90"",""Report Type"":""Detailed"",""Drive Thru History"":""No"",""Notes"":""Term ended July 1 2025, have email""}"
"","Zoe Broadcasting Network","","","","","","","","","","","","","","","digital-licensing-master:Payment Tracking:19","skip","Payment Tracking data was merged into digital-licensing-master:Terminated Contracts:5","Payment Tracking","19","","","","","","","{""VOD/FAST"":""VOD"",""Platform"":""Zoe Broadcasting Network"",""Reports"":""Email Quarterly"",""Payment Recieved"":""Q"",""Payment Terms"":""Net 30"",""Report Type"":"""",""Drive Thru History"":""No"",""Notes"":""Term ended 10/26/25""}"
"","Xumo Play","","","","","","","","","","","","","","","digital-licensing-master:Payment Tracking:20","skip","Payment Tracking data was merged into digital-licensing-master:FAST Contracts:6","Payment Tracking","20","","","","","","","{""VOD/FAST"":""VOD/FAST"",""Platform"":""Xumo Play"",""Reports"":""Email Quarterly"",""Payment Recieved"":""Q"",""Payment Terms"":""Net 30"",""Report Type"":""Detailed"",""Drive Thru History"":""Yes"",""Notes"":""""}"
"","VIZIO","","","","","","","","","","","","","","","digital-licensing-master:Payment Tracking:21","skip","Payment Tracking data was merged into digital-licensing-master:FAST Contracts:5","Payment Tracking","21","","","","","","","{""VOD/FAST"":""VOD/FAST"",""Platform"":""VIZIO"",""Reports"":""Email Monthly"",""Payment Recieved"":""Q"",""Payment Terms"":""Net 30"",""Report Type"":""Detailed"",""Drive Thru History"":""Yes"",""Notes"":""""}"
"","PT MNC Sky Vision","","","","","","","","","","","","","","","digital-licensing-master:Payment Tracking:22","skip","Payment Tracking data was merged into digital-licensing-master:Dormant Partners:6","Payment Tracking","22","","","","","","","{""VOD/FAST"":""VOD OTP"",""Platform"":""PT MNC Sky Vision"",""Reports"":"""",""Payment Recieved"":"""",""Payment Terms"":""PAST DUE"",""Report Type"":"""",""Drive Thru History"":"""",""Notes"":""""}"
"","Boas Novas TV","","","","","","","","","","","","","","","digital-licensing-master:Payment Tracking:23","skip","Payment Tracking data was merged into digital-licensing-master:Dormant Partners:5","Payment Tracking","23","","","","","","","{""VOD/FAST"":""VOD OTP"",""Platform"":""Boas Novas TV"",""Reports"":"""",""Payment Recieved"":"""",""Payment Terms"":""PAST DUE"",""Report Type"":"""",""Drive Thru History"":"""",""Notes"":""""}"
"","PAX Hungary","","","","","","","","","","","","","","","digital-licensing-master:Payment Tracking:24","skip","Payment Tracking data was merged into digital-licensing-master:Terminated Contracts:7","Payment Tracking","24","","","","","","","{""VOD/FAST"":""VOD OTP"",""Platform"":""PAX Hungary"",""Reports"":"""",""Payment Recieved"":"""",""Payment Terms"":""PAST DUE"",""Report Type"":"""",""Drive Thru History"":"""",""Notes"":""""}"
"","CWI Caribbean Ltd CWIC","","","","","","","","","","","","","","","digital-licensing-master:Payment Tracking:25","skip","Payment Tracking data was merged into digital-licensing-master:Dormant Partners:4","Payment Tracking","25","","","","","","","{""VOD/FAST"":""VOD OTP"",""Platform"":""CWI Caribbean Ltd CWIC"",""Reports"":"""",""Payment Recieved"":"""",""Payment Terms"":""PAST DUE"",""Report Type"":"""",""Drive Thru History"":"""",""Notes"":""now Flow Business / Reached out on the website""}"
"","Pluto","","","","","","","","","","","","","","","digital-licensing-master:Payment Tracking:28","skip","Payment Tracking data was merged into digital-licensing-master:Terminated Contracts:10","Payment Tracking","28","","","","","","","{""VOD/FAST"":""FAST"",""Platform"":""Pluto"",""Reports"":"""",""Payment Recieved"":"""",""Payment Terms"":"""",""Report Type"":"""",""Drive Thru History"":"""",""Notes"":""""}"
"","Name","","","","","","","","","","","","","","","digital-licensing-master:Payment Tracking:33","skip","Payment Tracking data could not be matched deterministically to a contract and remains in raw_source_data","Payment Tracking","33","","","","","","","{""VOD/FAST"":"""",""Platform"":""Name"",""Reports"":""Start"",""Payment Recieved"":"""",""Payment Terms"":""End"",""Report Type"":""Owes"",""Drive Thru History"":"""",""Notes"":""Notes""}"
"","TCL","","","","","","","","","","","","","","","digital-licensing-master:Payment Tracking:34","skip","Payment Tracking data could not be matched deterministically to a contract and remains in raw_source_data","Payment Tracking","34","","","","","","","{""VOD/FAST"":"""",""Platform"":""TCL"",""Reports"":""2024-05-29"",""Payment Recieved"":"""",""Payment Terms"":""Auto renew"",""Report Type"":""Rev Share"",""Drive Thru History"":"""",""Notes"":""Invoices sent, hasn't paid yet, does have an account set up with us, never made payment on account, apparently need invoices updated""}"
"","Sapphire","","","","","","","","","","","","","","","digital-licensing-master:Payment Tracking:35","skip","Payment Tracking data could not be matched deterministically to a contract and remains in raw_source_data","Payment Tracking","35","","","","","","","{""VOD/FAST"":"""",""Platform"":""Sapphire"",""Reports"":""2023-01-16"",""Payment Recieved"":"""",""Payment Terms"":""2026-01-15"",""Report Type"":""Rev Share"",""Drive Thru History"":"""",""Notes"":""Emailed, never heard back, Kam states we delivered content / No account with AR""}"
"","Zoe Broadcasting","","","","","","","","","","","","","","","digital-licensing-master:Payment Tracking:36","skip","Payment Tracking data could not be matched deterministically to a contract and remains in raw_source_data","Payment Tracking","36","","","","","","","{""VOD/FAST"":"""",""Platform"":""Zoe Broadcasting"",""Reports"":""2023-10-27"",""Payment Recieved"":"""",""Payment Terms"":""2 year ending 10/26/2025"",""Report Type"":""Rev Share"",""Drive Thru History"":"""",""Notes"":""Emailed, never heard back/ No account with AR/ the emailed back , waiting for reply/ waiting to hear back from Ariane""}"
"","Boas Novas","","","","","","","","","","","","","","","digital-licensing-master:Payment Tracking:37","skip","Payment Tracking data could not be matched deterministically to a contract and remains in raw_source_data","Payment Tracking","37","","","","","","","{""VOD/FAST"":"""",""Platform"":""Boas Novas"",""Reports"":""2023-11-13"",""Payment Recieved"":"""",""Payment Terms"":""2 year ending 10/23/2025"",""Report Type"":""5000"",""Drive Thru History"":"""",""Notes"":""Emailed, never heard back, on L&D Aging / never made payment, does have an account""}"
"","PT MNC Sky Vision","","","","","","","","","","","","","","","digital-licensing-master:Payment Tracking:38","skip","Payment Tracking data was merged into digital-licensing-master:Dormant Partners:6","Payment Tracking","38","","","","","","","{""VOD/FAST"":"""",""Platform"":""PT MNC Sky Vision"",""Reports"":""2024-01-08"",""Payment Recieved"":"""",""Payment Terms"":""2 years 1/8/2026"",""Report Type"":""2200"",""Drive Thru History"":"""",""Notes"":""Emailed, never heard back, on L&D Aging / does have account has paid in the past""}"
"","PAX Hungary","","","","","","","","","","","","","","","digital-licensing-master:Payment Tracking:39","skip","Payment Tracking data was merged into digital-licensing-master:Terminated Contracts:7","Payment Tracking","39","","","","","","","{""VOD/FAST"":"""",""Platform"":""PAX Hungary"",""Reports"":""2024-07-13"",""Payment Recieved"":"""",""Payment Terms"":""Auto renew"",""Report Type"":""5000"",""Drive Thru History"":"""",""Notes"":""They did respond, need time to pay us back, states they were negative. on L&D Aging has paid before""}"
"","CWI Caribbean Ltd CWIC","","","","","","","","","","","","","","","digital-licensing-master:Payment Tracking:40","skip","Payment Tracking data was merged into digital-licensing-master:Dormant Partners:4","Payment Tracking","40","","","","","","","{""VOD/FAST"":"""",""Platform"":""CWI Caribbean Ltd CWIC"",""Reports"":""2024-05-01"",""Payment Recieved"":"""",""Payment Terms"":""2025-05-01"",""Report Type"":""3825"",""Drive Thru History"":"""",""Notes"":""No contact info, have tried contacting through website. on L&D Aging / does have an account, has never paid""}"
"","Stirr","","","","","","","","","","","","","","","digital-licensing-master:Payment Tracking:41","skip","Payment Tracking data was merged into digital-licensing-master:VOD Contracts:21","Payment Tracking","41","","","","","","","{""VOD/FAST"":"""",""Platform"":""Stirr"",""Reports"":""2024-03-20"",""Payment Recieved"":"""",""Payment Terms"":"""",""Report Type"":"""",""Drive Thru History"":"""",""Notes"":""Currently working on a dashboard, have not paid us since January, no rev reports to invoice, emailed for updates on dashboard and Rev sent 30 day notice to terminate""}"
"","Shayna's Rev by Month 24","","","","","","","","","","","","","","","digital-licensing-master:Payment Tracking:44","skip","Payment Tracking data could not be matched deterministically to a contract and remains in raw_source_data","Payment Tracking","44","","","","","","","{""VOD/FAST"":"""",""Platform"":""Shayna's Rev by Month 24"",""Reports"":"""",""Payment Recieved"":"""",""Payment Terms"":"""",""Report Type"":"""",""Drive Thru History"":"""",""Notes"":""""}"
"","ABSCBN/iWantTFC/ANC","","","","","","","","","","","","","","","digital-licensing-master:Email List & Tracking Notes:2","skip","Email List & Tracking Notes data was merged into digital-licensing-master:VOD Contracts:2","Email List & Tracking Notes","2","","","","","","","{""Company"":""ABSCBN/iWantTFC/ANC"",""Email"":""mike_tolentino@abs-cbn.com"",""Email 2"":""mark_valdez@abs-cbn.com"",""Billing"":""ebpenales@abs-cbn.com (AR for ABS-CBN)"",""Tracking Notes"":""Myk said he is gettin us a rev report"",""As of Date"":""2025-08-28""}"
"","Allied Vaughn/Willette Acquisition Corp.","","","","","","","","","","","","","","","digital-licensing-master:Email List & Tracking Notes:3","skip","Email List & Tracking Notes data was merged into digital-licensing-master:VOD Contracts:3","Email List & Tracking Notes","3","","","","","","","{""Company"":""Allied Vaughn/Willette Acquisition Corp."",""Email"":""onboard.support@alliedvaughn.com"",""Email 2"":"""",""Billing"":"""",""Tracking Notes"":"""",""As of Date"":""""}"
"","Amazon Fire TV/FTVC","","","","","","","","","","","","","","","digital-licensing-master:Email List & Tracking Notes:4","skip","Email List & Tracking Notes data could not be matched deterministically to a contract and remains in raw_source_data","Email List & Tracking Notes","4","","","","","","","{""Company"":""Amazon Fire TV/FTVC"",""Email"":""rammerj@amazon.com"",""Email 2"":"""",""Billing"":"""",""Tracking Notes"":"""",""As of Date"":""""}"
"","Amazon FreeVee","","","","","","","","","","","","","","","digital-licensing-master:Email List & Tracking Notes:5","skip","Email List & Tracking Notes data could not be matched deterministically to a contract and remains in raw_source_data","Email List & Tracking Notes","5","","","","","","","{""Company"":""Amazon FreeVee"",""Email"":"""",""Email 2"":""mancusom@amazon.com"",""Billing"":"""",""Tracking Notes"":""Austin now does linear."",""As of Date"":""""}"
"","Amazon Prime Video","","","","","","","","","","","","","","","digital-licensing-master:Email List & Tracking Notes:6","skip","Email List & Tracking Notes data was merged into digital-licensing-master:VOD Contracts:4","Email List & Tracking Notes","6","","","","","","","{""Company"":""Amazon Prime Video"",""Email"":""ausyip@amazon.com"",""Email 2"":""guerrone@amazon.com"",""Billing"":"""",""Tracking Notes"":"""",""As of Date"":""""}"
"","Best Entertainment","","","","","","","","","","","","","","","digital-licensing-master:Email List & Tracking Notes:7","skip","Email List & Tracking Notes data was merged into digital-licensing-master:Dormant Partners:2","Email List & Tracking Notes","7","","","","","","","{""Company"":""Best Entertainment"",""Email"":""thomaswebert@aol.com"",""Email 2"":"""",""Billing"":"""",""Tracking Notes"":"""",""As of Date"":""""}"
"","Boas Novas","","","","","","","","","","","","","","","digital-licensing-master:Email List & Tracking Notes:8","skip","Email List & Tracking Notes data could not be matched deterministically to a contract and remains in raw_source_data","Email List & Tracking Notes","8","","","","","","","{""Company"":""Boas Novas"",""Email"":""Andrecamara@boasnovas.tv"",""Email 2"":""fred.valente@emotionstudios.com.br"",""Billing"":"""",""Tracking Notes"":""K emailed Fred to see about Boas Novas contact"",""As of Date"":""2025-07-10""}"
"","CW","","","","","","","","","","","","","","","digital-licensing-master:Email List & Tracking Notes:9","skip","Email List & Tracking Notes data was merged into digital-licensing-master:VOD Contracts:5","Email List & Tracking Notes","9","","","","","","","{""Company"":""CW"",""Email"":""michelle.david@cwtv.com"",""Email 2"":""jason.lee@cwtv.com"",""Billing"":"""",""Tracking Notes"":"""",""As of Date"":""""}"
"","Enlace","","","","","","","","","","","","","","","digital-licensing-master:Email List & Tracking Notes:10","skip","Email List & Tracking Notes data was merged into digital-licensing-master:Terminated Contracts:3","Email List & Tracking Notes","10","","","","","","","{""Company"":""Enlace"",""Email"":""lgutierrez@enlace.org"",""Email 2"":"""",""Billing"":"""",""Tracking Notes"":"""",""As of Date"":""""}"
"","Freecast","","","","","","","","","","","","","","","digital-licensing-master:Email List & Tracking Notes:11","skip","Email List & Tracking Notes data was merged into digital-licensing-master:FAST Contracts:20","Email List & Tracking Notes","11","","","","","","","{""Company"":""Freecast"",""Email"":""dane@freecast.com"",""Email 2"":""tracy@freecast.com"",""Billing"":""accounting@freecast.com"",""Tracking Notes"":"""",""As of Date"":""""}"
"","Hoopla","","","","","","","","","","","","","","","digital-licensing-master:Email List & Tracking Notes:12","skip","Email List & Tracking Notes data was merged into digital-licensing-master:VOD Contracts:6","Email List & Tracking Notes","12","","","","","","","{""Company"":""Hoopla"",""Email"":""KTurja@hoopladigital.com"",""Email 2"":""catzappa@hoopladigital.com"",""Billing"":"""",""Tracking Notes"":"""",""As of Date"":""2025-07-10""}"
"","IZZY","","","","","","","","","","","","","","","digital-licensing-master:Email List & Tracking Notes:13","skip","Email List & Tracking Notes data was merged into digital-licensing-master:VOD Contracts:7","Email List & Tracking Notes","13","","","","","","","{""Company"":""IZZY"",""Email"":""Chaya@israelmedia.group"",""Email 2"":"""",""Billing"":"""",""Tracking Notes"":"""",""As of Date"":""""}"
"","Miracle","","","","","","","","","","","","","","","digital-licensing-master:Email List & Tracking Notes:14","skip","Email List & Tracking Notes data could not be matched deterministically to a contract and remains in raw_source_data","Email List & Tracking Notes","14","","","","","","","{""Company"":""Miracle"",""Email"":""chelsea.kleinsasser@mcamediagroup.com"",""Email 2"":"""",""Billing"":"""",""Tracking Notes"":"""",""As of Date"":""""}"
"","PAX","","","","","","","","","","","","","","","digital-licensing-master:Email List & Tracking Notes:15","skip","Email List & Tracking Notes data could not be matched deterministically to a contract and remains in raw_source_data","Email List & Tracking Notes","15","","","","","","","{""Company"":""PAX"",""Email"":""gerelilla@gmail.com"",""Email 2"":""benjamingere@gmail.com"",""Billing"":"""",""Tracking Notes"":""Email states they are negative and ask for more patience as they try to settle outstanding balance with us Followed up"",""As of Date"":""2025-08-15""}"
"","Pluto","","","","","","","","","","","","","","","digital-licensing-master:Email List & Tracking Notes:16","skip","Email List & Tracking Notes data was merged into digital-licensing-master:Terminated Contracts:10","Email List & Tracking Notes","16","","","","","","","{""Company"":""Pluto"",""Email"":""kamlie@tbn.tv"",""Email 2"":""avni.amin@pluto.tv"",""Billing"":""Natalie.gomez@pluto.tv"",""Tracking Notes"":""Pluto is terminating agreement, all content down by October 1st 2025"",""As of Date"":""2025-08-01""}"
"","Premiere Digital Services","","","","","","","","","","","","","","","digital-licensing-master:Email List & Tracking Notes:17","skip","Email List & Tracking Notes data was merged into digital-licensing-master:VOD Contracts:8","Email List & Tracking Notes","17","","","","","","","{""Company"":""Premiere Digital Services"",""Email"":""natalie@premierdigital.com"",""Email 2"":""victor.bretado@premieredigital.com"",""Billing"":""invoicing@premieredigital.net"",""Tracking Notes"":""Waiting on post to be done with assets/ refer to Master Catalog for progress status"",""As of Date"":""""}"
"","PT MNC SKY","","","","","","","","","","","","","","","digital-licensing-master:Email List & Tracking Notes:18","skip","Email List & Tracking Notes data could not be matched deterministically to a contract and remains in raw_source_data","Email List & Tracking Notes","18","","","","","","","{""Company"":""PT MNC SKY"",""Email"":""lentya.pratiwi@mncgroup.com"",""Email 2"":""prastiyan.wibowo@mncgroup.com"",""Billing"":"""",""Tracking Notes"":""tried emailing, no repsponse. owes money... / emailed again at a diff email"",""As of Date"":""2025-08-28""}"
"","Pureflix","","","","","","","","","","","","","","","digital-licensing-master:Email List & Tracking Notes:19","skip","Email List & Tracking Notes data could not be matched deterministically to a contract and remains in raw_source_data","Email List & Tracking Notes","19","","","","","","","{""Company"":""Pureflix"",""Email"":""jim.schubert@gacmedia.com"",""Email 2"":"""",""Billing"":"""",""Tracking Notes"":""Jim states they are holding off for now on the amendment"",""As of Date"":""2025-07-17""}"
"","Right Now Media","","","","","","","","","","","","","","","digital-licensing-master:Email List & Tracking Notes:20","skip","Email List & Tracking Notes data was merged into digital-licensing-master:VOD Contracts:16","Email List & Tracking Notes","20","","","","","","","{""Company"":""Right Now Media"",""Email"":""tiffanie@rightnowmedia.org"",""Email 2"":"""",""Billing"":"""",""Tracking Notes"":"""",""As of Date"":""""}"
"","Salt Media","","","","","","","","","","","","","","","digital-licensing-master:Email List & Tracking Notes:21","skip","Email List & Tracking Notes data was merged into digital-licensing-master:Dormant Partners:8","Email List & Tracking Notes","21","","","","","","","{""Company"":""Salt Media"",""Email"":""sherman@saltmeda.asia"",""Email 2"":""kevin@saltmedia.asia"",""Billing"":""janice@saltmedia.asia Sylvia@saltmedia.asia"",""Tracking Notes"":""Emailed to get rev reports"",""As of Date"":""2025-08-28""}"
"","SBT","","","","","","","","","","","","","","","digital-licensing-master:Email List & Tracking Notes:22","skip","Email List & Tracking Notes data could not be matched deterministically to a contract and remains in raw_source_data","Email List & Tracking Notes","22","","","","","","","{""Company"":""SBT"",""Email"":""Joao.souza@1bigmedia.group"",""Email 2"":"""",""Billing"":"""",""Tracking Notes"":""Not interested in partnering at this time"",""As of Date"":""""}"
"","Stirr","","","","","","","","","","","","","","","digital-licensing-master:Email List & Tracking Notes:23","skip","Email List & Tracking Notes data was merged into digital-licensing-master:VOD Contracts:21","Email List & Tracking Notes","23","","","","","","","{""Company"":""Stirr"",""Email"":""Scott@stirr.com"",""Email 2"":"""",""Billing"":"""",""Tracking Notes"":"""",""As of Date"":""""}"
"","Sapphire","","","","","","","","","","","","","","","digital-licensing-master:Email List & Tracking Notes:24","skip","Email List & Tracking Notes data could not be matched deterministically to a contract and remains in raw_source_data","Email List & Tracking Notes","24","","","","","","","{""Company"":""Sapphire"",""Email"":""kathleen.evaristo@sapphiredtx.com"",""Email 2"":""janos.reyes@Sapphiredtx.com"",""Billing"":"""",""Tracking Notes"":""Emailed about revenue report as we are supposed to be getting reports monthly./ contacted on website"",""As of Date"":""2025-08-28""}"
"","TCL","","","","","","","","","","","","","","","digital-licensing-master:Email List & Tracking Notes:25","skip","Email List & Tracking Notes data could not be matched deterministically to a contract and remains in raw_source_data","Email List & Tracking Notes","25","","","","","","","{""Company"":""TCL"",""Email"":""feiyang.ding@tcl.com"",""Email 2"":""catherine.m.zhang@tcl.com"",""Billing"":"""",""Tracking Notes"":"""",""As of Date"":""""}"
"","Total Content Digital","","","","","","","","","","","","","","","digital-licensing-master:Email List & Tracking Notes:26","skip","Email List & Tracking Notes data was merged into digital-licensing-master:Dormant Partners:7","Email List & Tracking Notes","26","","","","","","","{""Company"":""Total Content Digital"",""Email"":""Page@totalcontentdigital.com"",""Email 2"":"""",""Billing"":"""",""Tracking Notes"":"""",""As of Date"":""""}"
"","Tubi","","","","","","","","","","","","","","","digital-licensing-master:Email List & Tracking Notes:27","skip","Email List & Tracking Notes data was merged into digital-licensing-master:FAST Contracts:13","Email List & Tracking Notes","27","","","","","","","{""Company"":""Tubi"",""Email"":""aaraujo@tubi.tv"",""Email 2"":"""",""Billing"":"""",""Tracking Notes"":"""",""As of Date"":""""}"
"","Vidio","","","","","","","","","","","","","","","digital-licensing-master:Email List & Tracking Notes:28","skip","Email List & Tracking Notes data was merged into digital-licensing-master:Terminated Contracts:8","Email List & Tracking Notes","28","","","","","","","{""Company"":""Vidio"",""Email"":""annisa.karinda@vidio.com"",""Email 2"":""licensing@vidio.com"",""Billing"":"""",""Tracking Notes"":"""",""As of Date"":""""}"
"","VIX","","","","","","","","","","","","","","","digital-licensing-master:Email List & Tracking Notes:29","skip","Email List & Tracking Notes data was merged into digital-licensing-master:Terminated Contracts:6","Email List & Tracking Notes","29","","","","","","","{""Company"":""VIX"",""Email"":""cisminomoya@televisaunivision.com"",""Email 2"":""vixpartnerships@televisaunivision.com"",""Billing"":"""",""Tracking Notes"":"""",""As of Date"":""""}"
"","VIZIO","","","","","","","","","","","","","","","digital-licensing-master:Email List & Tracking Notes:30","skip","Email List & Tracking Notes data was merged into digital-licensing-master:FAST Contracts:5","Email List & Tracking Notes","30","","","","","","","{""Company"":""VIZIO"",""Email"":""claire.gonzales@vizio.com"",""Email 2"":""nicole.baio@vizio.com"",""Billing"":""david.zolot@vizio.com"",""Tracking Notes"":"""",""As of Date"":""""}"
"","Xumo Play","","","","","","","","","","","","","","","digital-licensing-master:Email List & Tracking Notes:31","skip","Email List & Tracking Notes data was merged into digital-licensing-master:FAST Contracts:6","Email List & Tracking Notes","31","","","","","","","{""Company"":""Xumo Play"",""Email"":""aalegr224@comcast.com"",""Email 2"":"""",""Billing"":""contentaccounting@xumo.com"",""Tracking Notes"":""Waiting on XUMO to adjust revenue reports"",""As of Date"":""2025-08-28""}"
"","Zoe Broadcasting Network","","","","","","","","","","","","","","","digital-licensing-master:Email List & Tracking Notes:32","skip","Email List & Tracking Notes data was merged into digital-licensing-master:Terminated Contracts:5","Email List & Tracking Notes","32","","","","","","","{""Company"":""Zoe Broadcasting Network"",""Email"":""ariane.luis@zbni.ph"",""Email 2"":"""",""Billing"":"""",""Tracking Notes"":""Have not been able to find contacts"",""As of Date"":""""}"
